Country Name,year,percent_gdp,percent_net_exports,percent_consumption,percent_government,percent_investment,component_sum
Antigua and Barbuda,1991,NA,NA,NA,NA,NA,NA
Antigua and Barbuda,1992,1,NA,NA,NA,NA,NA
Antigua and Barbuda,1993,1,NA,NA,NA,NA,NA
Antigua and Barbuda,1994,1,NA,NA,NA,NA,NA
Antigua and Barbuda,1995,1,NA,NA,NA,NA,NA
Antigua and Barbuda,1996,1,NA,NA,NA,NA,NA
Antigua and Barbuda,1997,1,NA,NA,NA,NA,NA
Antigua and Barbuda,1998,1,NA,NA,NA,NA,NA
Antigua and Barbuda,1999,1,NA,NA,NA,NA,NA
Antigua and Barbuda,2000,1,NA,NA,NA,NA,NA
Antigua and Barbuda,2001,1,NA,NA,NA,NA,NA
Antigua and Barbuda,2002,1,NA,NA,NA,NA,NA
Antigua and Barbuda,2003,1,NA,NA,NA,NA,NA
Antigua and Barbuda,2004,1,NA,NA,NA,NA,NA
Antigua and Barbuda,2005,1,NA,NA,NA,NA,NA
Antigua and Barbuda,2006,1,NA,NA,NA,NA,NA
Antigua and Barbuda,2007,1,NA,NA,NA,NA,NA
Antigua and Barbuda,2008,1,NA,NA,NA,NA,NA
Antigua and Barbuda,2009,1,NA,NA,NA,NA,NA
Antigua and Barbuda,2010,1,NA,NA,NA,NA,NA
Antigua and Barbuda,2011,1,NA,NA,NA,NA,NA
Antigua and Barbuda,2012,1,NA,NA,NA,NA,NA
Antigua and Barbuda,2013,1,NA,NA,NA,NA,NA
Antigua and Barbuda,2014,1,NA,NA,NA,NA,NA
Antigua and Barbuda,2015,1,NA,NA,NA,NA,NA
Antigua and Barbuda,2016,1,NA,NA,NA,NA,NA
Antigua and Barbuda,2017,1,NA,NA,NA,NA,NA
Antigua and Barbuda,2018,1,NA,NA,NA,NA,NA
Antigua and Barbuda,2019,1,NA,NA,NA,NA,NA
Antigua and Barbuda,2020,1,NA,NA,NA,NA,NA
Antigua and Barbuda,2021,1,NA,NA,NA,NA,NA
Antigua and Barbuda,2022,1,NA,NA,NA,NA,NA
Antigua and Barbuda,2023,1,NA,NA,NA,NA,NA
"Bahamas, The",1991,1,0.23453753009995595,0.6440782870457495,-0.13139793760385415,0.13475583615123038,0.8819737156930818
"Bahamas, The",1992,1,-0.40130788313455273,0.8112072079536405,0.14961072505473216,-0.0038339230163040978,0.5556761268575159
"Bahamas, The",1993,1,5.133515214314368,-0.6154136401493845,-0.9053299848228672,-9.507177123624091,-5.894405534281974
"Bahamas, The",1994,1,-0.6680420491594431,0.4248432675477427,0.46265150562393276,0.6854404742505974,0.9048931982628295
"Bahamas, The",1995,1,0.014565091328105515,1.0092247493843605,-0.16150324089743823,0.31814918113392215,1.1804357809489499
"Bahamas, The",1996,1,-0.34177299021480545,0.9473554930920787,0.16264483978368127,0.4486134981948753,1.2168408408558298
"Bahamas, The",1997,1,-13.188837880423206,4.615770045873472,5.349052575969051,4.46591159556546,1.2418963369847766
"Bahamas, The",1998,1,-1.0985125140969143,1.6910800642477304,-0.04725675647150429,1.1838307505144698,1.7291415441937814
"Bahamas, The",1999,1,0.05431749634571145,0.8307283977387646,-6.583741029012404e-4,-0.37898931152815546,0.5053982084534193
"Bahamas, The",2000,1,-0.2299122328195765,0.40947066676497634,0.13193102295397502,0.8114776030578705,1.1229670599572454
"Bahamas, The",2001,1,1.0160385440620596,0.2009376145750932,0.1631233668364211,-0.8949421850580837,0.4851573404154903
"Bahamas, The",2002,1,0.4152311112858192,0.9549967022340593,-0.07351807440493878,0.3244808342573549,1.6211905733722944
"Bahamas, The",2003,1,-0.03385998419116065,0.4189688728086602,1.1948878266292726,-0.9276219600410288,0.6523747552057433
"Bahamas, The",2004,1,1.7898780521746092,-1.277927846909704,-0.4811114858785841,-2.116470869163046,-2.0856321497767247
"Bahamas, The",2005,1,-1.662074065593636,1.6797917013762989,0.11788859132929914,1.3434907043667268,1.479096931478689
"Bahamas, The",2006,1,-1.7120363066163795,0.8607814294023883,0.08862892141058965,1.9237305338720898,1.1611045780686882
"Bahamas, The",2007,1,0.8493790727761024,0.6245702498145381,-0.01467965812922553,-0.6428855428222099,0.816384121639205
"Bahamas, The",2008,1,-0.806270048671514,1.135492742230671,-0.3857050684495272,0.8820370537145205,0.8255546788241506
"Bahamas, The",2009,1,-0.9653225015421539,1.7452373901284428,-0.12714263459787115,0.832485665925408,1.4852579199138254
"Bahamas, The",2010,1,0.29528131465373886,0.4578077087156944,-0.028216166669792212,-1.1452818037738244,-0.4204089470741833
"Bahamas, The",2011,1,-1.7940310091192344,-2.419102167497874,1.7175087559296065,4.5416945498858805,2.0460701291983785
"Bahamas, The",2012,1,4.093957557059776,-0.9270060334116189,-1.1770184327605477,2.329961572618586,4.3198946635061954
"Bahamas, The",2013,1,-0.30720644016446236,0.39986294318569543,0.23431347580840345,1.0697114182242007,1.3966813970538372
"Bahamas, The",2014,1,-2.7287981027951447,1.795015415179997,-0.2937144067825186,1.8009814860384235,0.5734843916407573
"Bahamas, The",2015,1,2.8814678093618853,0.9754971850775769,1.1103115075329466,-5.596493914193865,-0.6292174122214562
"Bahamas, The",2016,1,5.3799089471935115,-1.0129571144982414,0.5374404928252293,-1.3357846901857755,3.568607635334724
"Bahamas, The",2017,1,-1.1461596286092068,1.5156222533645924,0.6606986473669461,0.883948789041518,1.9141100611638495
"Bahamas, The",2018,1,1.8658822523203824,0.1250998968552754,-0.04824484858465051,-0.6095576655270749,1.3331796350639324
"Bahamas, The",2019,1,-1.570069481526831,5.1546297164271015,-1.190086188015287,-0.5300940941900864,1.8643799526948976
"Bahamas, The",2020,1,0.2859981842261643,0.516787698241903,-0.05962739345279739,0.3635771984217711,1.106735687437041
"Bahamas, The",2021,1,-0.10012333436754295,0.9224438652914457,-0.048068374418718446,0.16706165747095936,0.9413138139761437
"Bahamas, The",2022,1,1.1810400018574856,0.1487046021365146,0.19175300402549297,-0.11637034248118316,1.40512726553831
"Bahamas, The",2023,1,-0.7435000746897553,1.879481079387697,0.2805755752796402,0.32083884903722254,1.7373954290148044
Barbados,1991,1,NA,NA,NA,NA,NA
Barbados,1992,1,NA,NA,NA,NA,NA
Barbados,1993,1,NA,NA,NA,NA,NA
Barbados,1994,1,NA,NA,NA,NA,NA
Barbados,1995,1,NA,NA,NA,NA,NA
Barbados,1996,1,NA,NA,NA,NA,NA
Barbados,1997,1,NA,NA,NA,NA,NA
Barbados,1998,1,NA,NA,NA,NA,NA
Barbados,1999,1,NA,NA,NA,NA,NA
Barbados,2000,1,NA,NA,NA,NA,NA
Barbados,2001,1,NA,NA,NA,NA,NA
Barbados,2002,1,NA,NA,NA,NA,NA
Barbados,2003,1,NA,NA,NA,NA,NA
Barbados,2004,1,NA,NA,NA,NA,NA
Barbados,2005,1,NA,NA,NA,NA,NA
Barbados,2006,1,NA,NA,NA,NA,NA
Barbados,2007,1,NA,NA,NA,NA,NA
Barbados,2008,1,NA,NA,NA,NA,NA
Barbados,2009,1,NA,NA,NA,NA,NA
Barbados,2010,1,NA,NA,NA,NA,NA
Barbados,2011,1,NA,NA,NA,NA,NA
Barbados,2012,1,NA,NA,NA,NA,NA
Barbados,2013,1,NA,NA,NA,NA,NA
Barbados,2014,1,NA,NA,NA,NA,NA
Barbados,2015,1,NA,NA,NA,NA,NA
Barbados,2016,1,NA,NA,NA,NA,NA
Barbados,2017,1,NA,NA,NA,NA,NA
Barbados,2018,1,NA,NA,NA,NA,NA
Barbados,2019,1,NA,NA,NA,NA,NA
Barbados,2020,1,NA,NA,NA,NA,NA
Barbados,2021,1,NA,NA,NA,NA,NA
Barbados,2022,1,NA,NA,NA,NA,NA
Barbados,2023,1,NA,NA,NA,NA,NA
Belize,1991,1,-0.9861551524973485,0.37193737845663233,0.08582674380226302,0.49232060751200374,-0.036070422726449336
Belize,1992,1,1.2389317089810559,2.3499996815645217,0.5399776207092205,0.10868166412456705,4.237590675379365
Belize,1993,1,0.045441509235841476,0.3498994893674773,0.07843447460148595,0.5832256968556863,1.057001170060491
Belize,1994,1,-7.910720850850882,-172.71705270394767,-40.71620725978929,326.0065009509559,104.66252013636807
Belize,1995,1,0.12638246316662013,2.958609581910313,0.6877737712802866,2.761652488895009,6.534418305252229
Belize,1996,1,-0.12667236735792978,0.6919493817248077,0.13572069086597513,-0.7785229873456421,-0.07752528211278903
Belize,1997,1,0.06245520893042941,0.5362409100622796,0.12855289318534224,-0.033518498307074054,0.6937305138709772
Belize,1998,1,-0.6291873731117915,1.3417408762087386,0.3051274524864619,-0.09334808001746432,0.9243328755659445
Belize,1999,1,-0.7076484084047737,0.5516598587327829,0.12608639694552548,0.7649850697476901,0.7350829170212249
Belize,2000,1,-0.5140556491778486,0.463203627767927,0.10919532620796106,0.6165808104606411,0.6749241152586806
Belize,2001,1,0.5357213130384572,0.9901499319840493,0.23100337208155156,-0.35620561280456087,1.4006690042994971
Belize,2002,1,0.5245829911336509,1.0232759505950553,0.22984955711173802,-0.25113644753085473,1.5265720513095893
Belize,2003,1,0.5184118294479712,0.3059499359557329,0.07305539580106475,-0.33258842589954224,0.5648287353052266
Belize,2004,1,1.3581166498754833,-0.024525616081927173,-0.006414021307466184,-0.1962250755754629,1.1309519369106271
Belize,2005,1,0.8687562298354858,-0.35292107390432864,-0.07911180167058322,0.5672528243289198,1.0039761785894936
Belize,2006,1,2.639640734866867,-0.30332101560178176,-0.06980646506510732,0.07280451876673741,2.3393177729667154
Belize,2007,1,-3.2821303470217744,0.42170871729315934,0.40029979047549846,0.4686133551438497,-1.991508484109267
Belize,2008,1,1.0355803290345613,-0.6175728566574472,0.031514092306343174,-2.3349663900653237,-1.8854448253818665
Belize,2009,1,-24.871593583091737,5.825084080846535,-2.9775457689984646,14.498004611283584,-7.526050659960081
Belize,2010,1,-0.9314948064463519,1.4398409718169973,0.7045167127291273,-2.717398255353265,-1.5045353772534922
Belize,2011,1,14.655679976026272,-3.1388832840339025,-0.7661651903724552,-0.6278411188271421,10.122790382792772
Belize,2012,1,0.6980657602915131,0.7273886086978465,0.15074759387441275,-0.13039436494682088,1.4458075979169513
Belize,2013,1,-1.1117738054834965,0.7271537373908573,0.2496858117756885,0.4996225674636946,0.3646883111467438
Belize,2014,1,-0.2796866075164994,0.5050249146188501,0.03685836505111061,0.6577744008955374,0.9199710730489987
Belize,2015,1,-2.0566604315178005,0.7040795919227251,0.39723129033944854,0.26900184522105663,-0.6863477040345702
Belize,2016,1,-77.71807429123712,10.946855453069178,16.540959199292715,41.35903370274145,-8.871225936133783
Belize,2017,1,-0.15734168602231907,0.18290485301701367,-0.25511408057514934,1.4633890739579942,1.2338381603775395
Belize,2018,1,4.041603364022231,1.3582209543621917,0.6149843804864742,0.8920575896669017,6.906866288537799
Belize,2019,1,-0.005773735241540465,0.6313110562150797,0.021831746519996243,0.2243732470232106,0.871742314516746
Belize,2020,1,0.24148889901426218,0.5483507703931066,0.32296596918778614,0.13057311350509107,1.243378752100246
Belize,2021,1,0.005946352356506163,0.5660540021695737,0.15351916698787424,0.26418565894916607,0.9897051804631202
Belize,2022,1,0.1626054383938143,0.6503028431914165,0.11185771225218008,0.2553464608640973,1.180112454701508
Belize,2023,1,5.889052072082102,1.0972067912821184,0.40185217546559904,1.2129625578979546,8.601073596727772
Cabo Verde,1991,1,NA,NA,NA,NA,NA
Cabo Verde,1992,1,NA,NA,NA,NA,NA
Cabo Verde,1993,1,NA,NA,NA,NA,NA
Cabo Verde,1994,1,NA,NA,NA,NA,NA
Cabo Verde,1995,1,NA,NA,NA,NA,NA
Cabo Verde,1996,1,NA,NA,NA,NA,NA
Cabo Verde,1997,1,NA,NA,NA,NA,NA
Cabo Verde,1998,1,NA,NA,NA,NA,NA
Cabo Verde,1999,1,NA,NA,NA,NA,NA
Cabo Verde,2000,1,NA,NA,NA,NA,NA
Cabo Verde,2001,1,NA,NA,NA,NA,NA
Cabo Verde,2002,1,NA,NA,NA,NA,NA
Cabo Verde,2003,1,NA,NA,NA,NA,NA
Cabo Verde,2004,1,NA,NA,NA,NA,NA
Cabo Verde,2005,1,NA,NA,NA,NA,NA
Cabo Verde,2006,1,NA,NA,NA,NA,NA
Cabo Verde,2007,1,NA,NA,NA,NA,NA
Cabo Verde,2008,1,0.5041369046516598,0.13975062143940306,0.10116844978323562,NA,NA
Cabo Verde,2009,1,1.3959638847939164,-2.232672160122815,-0.8675557798708774,NA,NA
Cabo Verde,2010,1,-1.216280909441379,-0.41077626773086945,0.21239941230367784,NA,NA
Cabo Verde,2011,1,0.1733543685884296,0.33289054716482097,0.3019353962034119,NA,NA
Cabo Verde,2012,1,8.595614971906235,1.7935592942693932,-1.095244263760647,NA,NA
Cabo Verde,2013,1,5.550915453326585,1.6744116300565426,0.5709308215403683,NA,NA
Cabo Verde,2014,1,-8.723252788955591,1.1336173409617827,1.39763120683168,NA,NA
Cabo Verde,2015,1,4.1501481025245575,1.9617197088201102,0.7937069886356707,NA,NA
Cabo Verde,2016,1,-0.883435683834924,1.3228313954253732,0.1810296447397097,NA,NA
Cabo Verde,2017,1,-0.7732251742372611,1.9207808596427127,-0.3656922286822094,NA,NA
Cabo Verde,2018,1,-0.4286729728313199,0.8141105435016519,0.26534760364240045,NA,NA
Cabo Verde,2019,1,0.3284469835086769,0.41225955242964174,0.4237751378552452,NA,NA
Cabo Verde,2020,1,0.575493408586576,0.4549917458612788,-0.022820734408900485,NA,NA
Cabo Verde,2021,1,-0.5918988378481939,1.0713125173220477,0.36153298241658366,NA,NA
Cabo Verde,2022,1,0.5490167116112855,0.6669601084864785,-0.045377438385582655,NA,NA
Cabo Verde,2023,1,0.560277812268516,0.913774586069414,0.10127302287741886,NA,NA
Comoros,1991,1,-0.15540319156998783,0.9464457098028033,0.10387432169307709,0.10967165823501467,1.0045884981609072
Comoros,1992,1,-0.15540329668816416,0.9464463291766707,0.10387438977965266,0.1096717307085068,1.004589152976666
Comoros,1993,1,-0.15539785129206382,0.9464132987086137,0.10387076403097296,0.1096679054184197,1.0045541168659426
Comoros,1994,1,-0.15540110792533016,0.9464330473055298,0.10387293537059483,0.10967019067882555,1.0045750654296202
Comoros,1995,1,-0.155400932909429,0.9464319925979252,0.10387281394251364,0.10967006362423241,1.0045739372552422
Comoros,1996,1,-0.15540165865759453,0.946436454318187,0.10387327649316444,0.10967059271971394,1.004578664873471
Comoros,1997,1,-0.1554111393764951,0.9464941245490849,0.10387962836927896,0.10967727082912489,1.0046398843709934
Comoros,1998,1,-0.15542291800064673,0.946565999565751,0.103887532879984,0.10968558974659481,1.004716204191683
Comoros,1999,1,-0.1553816536095803,0.9463145336365612,0.1038599210394882,0.10965647370381679,1.0044492747702858
Comoros,2000,1,-0.1554071449731825,0.9464697883794992,0.103876960787131,0.10967444757463973,1.0046140517680877
Comoros,2001,1,-0.15540588950204837,0.9464622082739391,0.10387612365338111,0.1096735716690858,1.0046060140943576
Comoros,2002,1,-0.15539388573768015,0.9463891092282974,0.10386811060852605,0.10966510001139473,1.004528434110538
Comoros,2003,1,-0.1554214423800066,0.9465568406515437,0.1038865221540862,0.10968452782559336,1.0047064482512165
Comoros,2004,1,-0.1553999468434019,0.9464259895652547,0.10387214704776142,0.1096693778219612,1.0045675675915755
Comoros,2005,1,-0.15539650345392597,0.9464050180226655,0.10386985760135721,0.10966694351346647,1.0045453156835633
Comoros,2006,1,-0.15540130667820262,0.946434276889927,0.10387306671871832,0.10967033441602793,1.0045763713464706
Comoros,2007,1,2.1760925981272785,0.06833541002992483,-0.6815602896518098,-0.4209822057328181,1.1418855127725753
Comoros,2008,1,-0.691735468527283,1.0825825576225878,0.22987145899992054,0.3750671127083609,0.9957856608035862
Comoros,2009,1,-0.5799492263143872,1.2677498967038734,0.37986320479991176,-0.13571563887092916,0.9319482363184689
Comoros,2010,1,0.528530281738038,0.49117567573585263,0.017216325198750385,0.12846710069631684,1.1653893833689577
Comoros,2011,1,-0.25009909262263114,1.0507256881489686,0.07747162981981268,0.2594738899997576,1.1375721153459075
Comoros,2012,1,-1.2479967853684097,1.269148184717264,0.043176520337586094,0.7812758614693364,0.8456037811557768
Comoros,2013,1,0.02453681441478402,0.7250720145203037,-0.038676485617650816,0.12399950033707482,0.8349318436545118
Comoros,2014,1,-0.3762432804980449,0.6599308394072013,0.44677029541836993,0.019846563410534104,0.7503044177380604
Comoros,2015,1,0.14049660535016528,0.5762738226775354,0.11282312402387139,0.3727564766522344,1.2023500287038063
Comoros,2016,1,-0.1569992223883262,0.9059973267367423,0.15629613785849786,0.10546298076636827,1.0107572229732824
Comoros,2017,1,-0.4654537589044115,1.0255686335277268,0.16738271392386697,0.2425859025534805,0.9700834911006628
Comoros,2018,1,-0.3919605749579383,0.6194843493003402,0,0.725823666744113,0.953347441086515
Comoros,2019,1,-0.5389283103662552,1.9836951693139397,0.21080551561890665,-0.7592809822739411,0.8962913922926499
Comoros,2020,1,16.565067187401265,-18.852950828220795,-2.2666504733663566,10.742866417879373,6.188332303693487
Comoros,2021,1,0.6308153619474758,0.44633366767664706,0.08164807586485437,0.603633460973276,1.7624305664622533
Comoros,2022,1,0.7946307942478309,0.07627331890503278,0.07711943882351666,0.07319033358899235,1.0212138855653727
Comoros,2023,1,0.08736669169144233,0.7068363884018551,0.029256483164967654,0.06349511266818735,0.8869546759264524
Cuba,1991,1,-0.6086761902142732,0.5917131174507112,0.31820661517730087,0.30370781314187895,0.6049513555556179
Cuba,1992,1,-0.4581022243872968,0.957156273234838,0.1474651082788164,0.5010978837937642,1.1476170409201218
Cuba,1993,1,0.13117014742663632,0.43917723683542315,0.025058000802745943,0.18116363805678265,0.776569023121588
Cuba,1994,1,-1.2976032997984523,4.749499602333695,-1.0872782721789271,-3.010180353046666,-0.6455623226903506
Cuba,1995,1,-0.3302831082156392,0.3775453787508805,-0.09796840595033188,0.1096381921682793,0.05893205675318869
Cuba,1996,1,-0.06139215324063648,0.3122171083312247,0.19605284821408817,0.27129059389142723,0.7181683971961036
Cuba,1997,1,-0.10165850185252942,0.5000540082944858,0.3567933047136858,0.14968105320530803,0.9048698643609502
Cuba,1998,1,2.5135270564113688,7.071389515907701,0.2801683962315204,2.009117098027975,11.874202066578565
Cuba,1999,1,0.16772341595872509,0.5034517633136649,0.30536935484983,0.07229753273715256,1.0488420668593725
Cuba,2000,1,0.27025508734022025,0.21323455799576185,0.18838661565070525,0.12574694261856834,0.7976232036052557
Cuba,2001,1,3.657719848681829e-4,0.6977680163315362,0.3665471909451503,-0.07164475824233639,0.9930362210192183
Cuba,2002,1,0.2529001125194749,0.8752933159848973,1.0343362327254657,-0.4745998380026921,1.687929823227146
Cuba,2003,1,-0.15264853305328097,0.963100741054444,0.703470714776588,-0.1190880262053246,1.3948348965724264
Cuba,2004,1,0.11899821697180397,0.16085663585067547,0.5617605947379921,0.07651687981940108,0.9181323273798727
Cuba,2005,1,0.2567377553419035,0.019539467290967,0.36077891965481507,0.11393756175347837,0.750993704041164
Cuba,2006,1,-0.20007721637909034,0.8100258205724715,0.2522441524153881,0.24577088017306595,1.1079636367818353
Cuba,2007,1,0.2995604497905601,0.11557984226315256,0.5353460405044552,0.028738328605538203,0.9792246611637061
Cuba,2008,1,0.20894032039368055,-0.22459115571252475,0.2372392723823434,0.1526398745950265,0.3742283116585257
Cuba,2009,1,1.710049709636143,0.3052813387494013,0.4476190079243281,-0.3715613771297586,2.0913886791801137
Cuba,2010,1,-0.6668255804909891,1.614664651959465,0.3561831829886096,-0.09856068619400507,1.2054615682630805
Cuba,2011,1,0.3130012348282836,0.2587108869973232,-0.15666516635853203,0.13012628115069053,0.5451732366177653
Cuba,2012,1,0.12824013419158733,0.5511274802249484,-0.07692160148325232,0.15195071223393075,0.7543967251672141
Cuba,2013,1,-0.18233363549963966,0.9611346076948287,0.09692263074513802,0.17896357837673635,1.0546871813170635
Cuba,2014,1,-0.3008566145233703,2.292199903253185,-0.3213811628987654,-0.20776039923166587,1.4622017265993832
Cuba,2015,1,-0.31714522228501263,0.8981467494626248,0.0035747121932845826,0.27490663393885434,0.859482873309751
Cuba,2016,1,-3.5962516638241326,4.499912546961306,-0.13329967477247368,1.0967478547828713,1.8671090631475713
Cuba,2017,1,0.11374108252850408,0.5349448716201248,0.3841570022956988,0.16941647871551468,1.2022594351598426
Cuba,2018,1,-0.04932623543022542,0.5754959511857414,0.18491053211809436,0.25877142029683453,0.9698516681704449
Cuba,2019,1,1.249155288030859,3.0252284617146032,-7.65621094983515,0.24034354590979473,-3.1414836541798925
Cuba,2020,1,0.14982776817494467,0.4543335492295233,0.30460260135703726,0.03401366956656268,0.942777588328068
Cuba,2021,1,-0.35058077867689524,-1.2461970007602206,3.9881584600547257,0.00803810114882967,2.39941878176644
Cuba,2022,1,0.4516635723712852,0.6563311516961166,0.31653911030099835,-0.3336478069001322,1.090886027468268
Cuba,2023,1,NA,NA,NA,NA,NA
Dominica,1991,1,NA,NA,NA,NA,NA
Dominica,1992,1,NA,NA,NA,NA,NA
Dominica,1993,1,NA,NA,NA,NA,NA
Dominica,1994,1,NA,NA,NA,NA,NA
Dominica,1995,1,NA,NA,NA,NA,NA
Dominica,1996,1,NA,NA,NA,NA,NA
Dominica,1997,1,NA,NA,NA,NA,NA
Dominica,1998,1,NA,NA,NA,NA,NA
Dominica,1999,1,NA,NA,NA,NA,NA
Dominica,2000,1,NA,NA,NA,NA,NA
Dominica,2001,1,NA,NA,NA,NA,NA
Dominica,2002,1,NA,NA,NA,NA,NA
Dominica,2003,1,NA,NA,NA,NA,NA
Dominica,2004,1,NA,NA,NA,NA,NA
Dominica,2005,1,NA,NA,NA,NA,NA
Dominica,2006,1,NA,NA,NA,NA,NA
Dominica,2007,1,NA,NA,NA,NA,NA
Dominica,2008,1,NA,NA,NA,NA,NA
Dominica,2009,1,NA,NA,NA,NA,NA
Dominica,2010,1,NA,NA,NA,NA,NA
Dominica,2011,1,NA,NA,NA,NA,NA
Dominica,2012,1,NA,NA,NA,NA,NA
Dominica,2013,1,NA,NA,NA,NA,NA
Dominica,2014,1,NA,NA,NA,NA,NA
Dominica,2015,1,NA,NA,NA,NA,NA
Dominica,2016,1,NA,NA,NA,NA,NA
Dominica,2017,1,NA,NA,NA,NA,NA
Dominica,2018,1,NA,NA,NA,NA,NA
Dominica,2019,1,NA,NA,NA,NA,NA
Dominica,2020,1,NA,NA,NA,NA,NA
Dominica,2021,1,NA,NA,NA,NA,NA
Dominica,2022,1,NA,NA,NA,NA,NA
Dominica,2023,1,NA,NA,NA,NA,NA
Dominican Republic,1991,1,1.0692331475409018,2.4074009558842127,0.08388401034905368,-1.2372528314431288,2.3232652823310396
Dominican Republic,1992,1,-0.3318379317656697,0.934579541755531,0.1339874969558244,0.26080787558289265,0.9975369825285783
Dominican Republic,1993,1,0.011395099414432177,0.46422926411096943,0.19742387652498716,0.30696195232679,0.9800101923771788
Dominican Republic,1994,1,-0.40820936359585225,0.004947739499125158,0.4557285832667529,0.9302699740479584,0.9827369332179844
Dominican Republic,1995,1,0.12377552521238233,0.8242533894283495,-0.138424356413855,0.16694704565670476,0.9765516038835816
Dominican Republic,1996,1,0.14810271239025502,0.4631523498106513,0.1281951862712118,0.4001840432259372,1.1396342916980553
Dominican Republic,1997,1,-0.2694155742670214,0.6766446227714454,0.13670404615221424,0.4306154108458309,0.974548505502469
Dominican Republic,1998,1,-0.8060699391154947,0.34427312351586864,0.11075239580785462,1.0774121110059223,0.7263676912141509
Dominican Republic,1999,1,0.20712016990722174,0.7141737973697341,0.0888561599225604,-0.28399138557656683,0.7261587416229494
Dominican Republic,2000,1,-0.12153468428096713,0.518268094893926,0.09593378205374345,0.7613438161068092,1.2540110087735117
Dominican Republic,2001,1,0.033699914695604134,0.4457246436309001,0.37874343663900617,-0.2648394559333864,0.593328539032124
Dominican Republic,2002,1,0.02645272205738682,0.5880724560926214,0.19349255247736244,0.35019696790505406,1.1582146985324249
Dominican Republic,2003,1,-5.590903039997351,1.362217049832628,0.6357491559377898,2.765848661597988,-0.8270881726289456
Dominican Republic,2004,1,-0.21673079173096116,0.7327130030886394,0.24223676182244008,0.12479725569396778,0.8830162288740862
Dominican Republic,2005,1,-0.42984381521791254,0.9269718569459039,0.1049768590964755,0.30318972327288657,0.9052946240973534
Dominican Republic,2006,1,-0.26054701896386756,0.7057925858411517,0.12084125949108591,0.5218487843829922,1.0879356107513622
Dominican Republic,2007,1,-0.16156648778674323,0.5577665987614204,0.13583637484513136,0.42888326397668547,0.9609197497964942
Dominican Republic,2008,1,-0.8875480553312304,1.190966240756698,0.09058275553304813,0.4997201590128289,0.8937210999713446
Dominican Republic,2009,1,1.5658515378698896,4.242590786106143,0.5312380758373686,-4.038552372929197,2.301128026884204
Dominican Republic,2010,1,-0.24688167396662236,0.6185492940833383,0.0643255098103747,0.4588069546450996,0.8948000845721902
Dominican Republic,2011,1,0.4972667107116427,1.0233450127284733,-0.08902470404519928,-0.17102895473418145,1.2605580646607353
Dominican Republic,2012,1,0.2937382039978551,0.5235735287570892,0.2426757714771784,-0.03813754263158391,1.0218499616005388
Dominican Republic,2013,1,0.5675923980336445,0.33880853744714157,0.13425159690704253,-0.11137257953248307,0.9292799528553455
Dominican Republic,2014,1,0.11129751912796303,0.5451297151613341,0.0646346112076846,0.27154721237993673,0.9926090578769184
Dominican Republic,2015,1,-0.32626443708930775,0.6619875068744118,0.10254072925180137,0.5700566129227704,1.0083204119596758
Dominican Republic,2016,1,-0.07917789294593323,0.6427630842627317,0.03011577083857068,0.43014710312354937,1.0238480652789184
Dominican Republic,2017,1,0.43273248476964793,0.6571868754100416,0.017421504618831078,-0.013759087131017306,1.0935817776675034
Dominican Republic,2018,1,-0.11793349707526582,0.5717265470223496,0.038224703571922675,0.4456054863763197,0.9376232398953263
Dominican Republic,2019,1,-0.2392632367214963,0.6356575632673578,0.1143384536582156,0.3976572385274299,0.9083900187315069
Dominican Republic,2020,1,0.44809988334744555,0.34724949683092154,-0.06765425227330425,0.4568251416393039,1.1845202695443668
Dominican Republic,2021,1,-0.016790891087804256,0.385166116507528,5.194318116575487e-4,0.4314103610880249,0.8003050183194061
Dominican Republic,2022,1,-0.2420332885670105,0.7158069972182656,0.07368725186659227,0.21580605513246645,0.7632670156503139
Dominican Republic,2023,1,-0.08584568959168229,0.7279434685130467,0.08925657152395346,0.2215871114851878,0.9529414619305058
Fiji,1991,1,NA,NA,NA,NA,NA
Fiji,1992,1,NA,NA,NA,NA,NA
Fiji,1993,1,NA,NA,NA,NA,NA
Fiji,1994,1,NA,NA,NA,NA,NA
Fiji,1995,1,NA,NA,NA,NA,NA
Fiji,1996,1,NA,NA,NA,NA,NA
Fiji,1997,1,NA,NA,NA,NA,NA
Fiji,1998,1,NA,NA,NA,NA,NA
Fiji,1999,1,NA,NA,NA,NA,NA
Fiji,2000,1,NA,NA,NA,NA,NA
Fiji,2001,1,NA,NA,NA,NA,NA
Fiji,2002,1,NA,NA,NA,NA,NA
Fiji,2003,1,NA,NA,NA,NA,NA
Fiji,2004,1,NA,NA,NA,NA,NA
Fiji,2005,1,NA,NA,NA,NA,NA
Fiji,2006,1,NA,NA,NA,NA,NA
Fiji,2007,1,NA,NA,NA,NA,NA
Fiji,2008,1,NA,NA,NA,NA,NA
Fiji,2009,1,NA,NA,NA,NA,NA
Fiji,2010,1,NA,NA,NA,NA,NA
Fiji,2011,1,NA,NA,NA,NA,NA
Fiji,2012,1,NA,NA,NA,NA,NA
Fiji,2013,1,NA,NA,NA,NA,NA
Fiji,2014,1,NA,NA,NA,NA,NA
Fiji,2015,1,NA,NA,NA,NA,NA
Fiji,2016,1,NA,NA,NA,NA,NA
Fiji,2017,1,NA,NA,NA,NA,NA
Fiji,2018,1,NA,NA,NA,NA,NA
Fiji,2019,1,NA,NA,NA,NA,NA
Fiji,2020,1,NA,NA,NA,NA,NA
Fiji,2021,1,NA,NA,NA,NA,NA
Fiji,2022,1,NA,NA,NA,NA,NA
Fiji,2023,1,NA,NA,NA,NA,NA
Grenada,1991,1,NA,NA,NA,NA,NA
Grenada,1992,1,NA,NA,NA,NA,NA
Grenada,1993,1,NA,NA,NA,NA,NA
Grenada,1994,1,NA,NA,NA,NA,NA
Grenada,1995,1,NA,NA,NA,NA,NA
Grenada,1996,1,NA,NA,NA,NA,NA
Grenada,1997,1,NA,NA,NA,NA,NA
Grenada,1998,1,NA,NA,NA,NA,NA
Grenada,1999,1,NA,NA,NA,NA,NA
Grenada,2000,1,NA,NA,NA,NA,NA
Grenada,2001,1,NA,NA,NA,NA,NA
Grenada,2002,1,NA,NA,NA,NA,NA
Grenada,2003,1,NA,NA,NA,NA,NA
Grenada,2004,1,NA,NA,NA,NA,NA
Grenada,2005,1,NA,NA,NA,NA,NA
Grenada,2006,1,NA,NA,NA,NA,NA
Grenada,2007,1,NA,NA,NA,NA,NA
Grenada,2008,1,NA,NA,NA,NA,NA
Grenada,2009,1,NA,NA,NA,NA,NA
Grenada,2010,1,NA,NA,NA,NA,NA
Grenada,2011,1,NA,NA,NA,NA,NA
Grenada,2012,1,NA,NA,NA,NA,NA
Grenada,2013,1,NA,NA,NA,NA,NA
Grenada,2014,1,NA,NA,NA,NA,NA
Grenada,2015,1,NA,NA,NA,NA,NA
Grenada,2016,1,NA,NA,NA,NA,NA
Grenada,2017,1,NA,NA,NA,NA,NA
Grenada,2018,1,NA,NA,NA,NA,NA
Grenada,2019,1,NA,NA,NA,NA,NA
Grenada,2020,1,NA,NA,NA,NA,NA
Grenada,2021,1,NA,NA,NA,NA,NA
Grenada,2022,1,NA,NA,NA,NA,NA
Grenada,2023,1,NA,NA,NA,NA,NA
Guinea-Bissau,1991,1,NA,NA,NA,NA,NA
Guinea-Bissau,1992,1,NA,NA,NA,NA,NA
Guinea-Bissau,1993,1,NA,NA,NA,NA,NA
Guinea-Bissau,1994,1,NA,NA,NA,NA,NA
Guinea-Bissau,1995,1,NA,NA,NA,NA,NA
Guinea-Bissau,1996,1,NA,NA,NA,NA,NA
Guinea-Bissau,1997,1,NA,NA,NA,NA,NA
Guinea-Bissau,1998,1,-0.5827167126675448,0.8530885019657676,-0.020436038120529364,0.7501704062000046,1.0001061573776981
Guinea-Bissau,1999,1,-0.01921453159810394,0.7736425364816434,0.2099114419071434,0.03550620780209793,0.9998456545927806
Guinea-Bissau,2000,1,-1.350786709369871,-3.6381860270943323,-0.4188046321665596,6.405700350892856,0.9979229822620925
Guinea-Bissau,2001,1,-0.030640470448472047,1.264951065351425,-0.08377721075685672,-0.15106773408750965,0.9994656500585867
Guinea-Bissau,2002,1,1.092901817730935,-1.3353107711178562,0.146215561686905,1.0954853028172913,0.9992919111172751
Guinea-Bissau,2003,1,-14.334150007565865,28.26466794781722,-2.4440095937146404,-10.480154708031701,1.0063536385050131
Guinea-Bissau,2004,1,-6.978171333520924,13.567925918168903,-0.22295090152684366,-5.369078055344184,0.9977256277769513
Guinea-Bissau,2005,1,0.8379546867423833,0.002676941886807802,0.26666505592136713,-0.10755447499166941,0.9997422095588888
Guinea-Bissau,2006,1,-2.545265681106242,2.8234755025866134,-0.03755542870186464,0.7583582023939275,0.9990125951724345
Guinea-Bissau,2007,1,0.15120030018849062,-0.770837616516959,0.10787750664295528,1.5109136280910929,0.9991538184055797
Guinea-Bissau,2008,1,-0.8153490146320942,2.5482127359527835,-0.23644866060423073,-0.4978709368387605,0.9985441238776981
Guinea-Bissau,2009,1,3.0385281660479375,-3.098490773737876,0.8119870878637943,0.24875564781668805,1.0007801279905437
Guinea-Bissau,2010,1,-0.5306488465560683,0.8804275126948087,0.21642466774502264,0.42901416538922293,0.995217499272986
Guinea-Bissau,2011,1,0.8290694475864702,0.27005010338841573,0.07598946406497449,-0.17566779163310595,0.9994412234067545
Guinea-Bissau,2012,1,1.1669252980957223,1.1117880185125495,0.4928014019271663,-1.7630146041348456,1.0085001144005925
Guinea-Bissau,2013,1,1.0839932971370732,-0.13258145702925764,0.06810120587629637,-0.5026968635796352,0.5168161824044768
Guinea-Bissau,2014,1,-2.1623533086365216,-0.44786203742248776,2.509654345398772,0.7046087117094378,0.6040477110492004
Guinea-Bissau,2015,1,-0.3435559388165896,1.5092026232057862,0.30086612056345735,0.07199704911227423,1.5385098540649282
Guinea-Bissau,2016,1,-0.5247552138076008,0.7338053880621787,0.22661392930242857,0.29653703601261255,0.7322011395696189
Guinea-Bissau,2017,1,-0.2871711589510608,0.7418595080928487,0.1117871522264786,0.41408016779182916,0.9805556691600956
Guinea-Bissau,2018,1,1.5740151077708942,1.5459584878124077,0.7453925151080011,0.8947081414581205,4.7600742521494235
Guinea-Bissau,2019,1,-2.080032816401735,1.5213572911720843,0.21841233741615554,1.244236678223323,0.903973490409828
Guinea-Bissau,2020,1,0.5472709551656905,-1.6128979857050025,1.0849577647823239,0.05393112410656356,0.07326185834957544
Guinea-Bissau,2021,1,0.4505215893475769,1.3894017689523652,0.10226634926164635,-0.5616714083880071,1.3805182991735814
Guinea-Bissau,2022,1,-1.3024638496733583,1.4214724376697367,-0.06312544346847343,0.14677888967727695,0.20266203420518214
Guinea-Bissau,2023,1,0.15403422982885018,-0.21459947785006928,-0.08737723260536247,0.28301769508101626,0.1350752144544347
Guyana,1991,1,NA,NA,NA,NA,NA
Guyana,1992,1,NA,NA,NA,NA,NA
Guyana,1993,1,NA,NA,NA,NA,NA
Guyana,1994,1,NA,NA,NA,NA,NA
Guyana,1995,1,NA,NA,NA,NA,NA
Guyana,1996,1,NA,NA,NA,NA,NA
Guyana,1997,1,NA,NA,NA,NA,NA
Guyana,1998,1,NA,NA,NA,NA,NA
Guyana,1999,1,NA,NA,NA,NA,NA
Guyana,2000,1,NA,NA,NA,NA,NA
Guyana,2001,1,NA,NA,NA,NA,NA
Guyana,2002,1,NA,NA,NA,NA,NA
Guyana,2003,1,NA,NA,NA,NA,NA
Guyana,2004,1,NA,NA,NA,NA,NA
Guyana,2005,1,NA,NA,NA,NA,NA
Guyana,2006,1,NA,NA,NA,NA,NA
Guyana,2007,1,NA,NA,NA,NA,NA
Guyana,2008,1,NA,NA,NA,NA,NA
Guyana,2009,1,NA,NA,NA,NA,NA
Guyana,2010,1,NA,NA,NA,NA,NA
Guyana,2011,1,NA,NA,NA,NA,NA
Guyana,2012,1,NA,NA,NA,NA,NA
Guyana,2013,1,NA,NA,NA,NA,NA
Guyana,2014,1,NA,NA,NA,NA,NA
Guyana,2015,1,NA,NA,NA,NA,NA
Guyana,2016,1,NA,NA,NA,NA,NA
Guyana,2017,1,NA,NA,NA,NA,NA
Guyana,2018,1,NA,NA,NA,NA,NA
Guyana,2019,1,NA,NA,NA,NA,NA
Guyana,2020,1,NA,NA,NA,NA,NA
Guyana,2021,1,NA,NA,NA,NA,NA
Guyana,2022,1,NA,NA,NA,NA,NA
Guyana,2023,1,NA,NA,NA,NA,NA
Haiti,1991,1,0.3561077369312349,-1.4099369362391543,0.27556987676082106,NA,NA
Haiti,1992,1,0.0734005229402843,0.6988961976663713,-0.021056852417617854,NA,NA
Haiti,1993,1,0.36919794737636374,-1.0672602502705326,-0.02856338539202411,NA,NA
Haiti,1994,1,-0.011748630928091678,0.570486160950613,-0.01049887542560936,NA,NA
Haiti,1995,1,-0.47015675917743943,1.237245692900903,-0.004422292566398296,NA,NA
Haiti,1996,1,-0.7487608745657587,2.6371506509169804,0.0157652059231278,NA,NA
Haiti,1997,1,-0.17298261026741482,0.9904460924526407,-0.001761720925590253,NA,NA
Haiti,1998,1,0.08182497241857713,1.2443621319022553,0.02669777513680765,NA,NA
Haiti,1999,1,-1.0951885576519946,2.8097499422607632,0.004268942247726821,NA,NA
Haiti,2000,1,-8.196892043908413,16.137700168350523,0.07817338751460849,NA,NA
Haiti,2001,1,-1.9331388673786436,-0.8115752086397662,-2.0324904861224953,5.083425000134538,0.30622043799363263
Haiti,2002,1,0.6880837544445952,0.6674034456786277,0.9005064083496344,-1.1585774768147719,1.0974161316580855
Haiti,2003,1,0.047136962254360586,0.5325728152218835,0.03072328303200825,0.45420725705031934,1.0646403175585717
Haiti,2004,1,0.49491610547855586,1.0711920133515704,0.15099749577978855,-0.5799415337414774,1.1371640808684373
Haiti,2005,1,0.49361611571140523,0.837642134714919,-0.32860560123567256,-0.024196931043254294,0.9784557181473974
Haiti,2006,1,-2.925764990879877,0.7247714956598393,0.04180006404350396,2.7073795334918107,0.5481861023152774
Haiti,2007,1,0.8746856242894236,0.6306250584431531,0.08207656327253937,-0.4321030673639386,1.1552841786411774
Haiti,2008,1,-0.9863318303434061,0.16966971378352727,0.4137630216678189,1.2529205634568281,0.8500214685647682
Haiti,2009,1,-0.16427365829907375,1.5143793038348818,0.004781480743997362,-0.28499716742221554,1.0698899588575899
Haiti,2010,1,1.3427060261784105,1.1393480691855236,-0.006635413964674711,-1.2985466235674532,1.1768720578318062
Haiti,2011,1,1.5756317526923258,0.6591344615727057,0.08492224727521915,-0.9524104942084035,1.3672779673318471
Haiti,2012,1,4.513264221431495,2.089871730376333,1.2116754605865006,-6.133621903837397,1.681189508556932
Haiti,2013,1,-0.6047603282231031,1.2369526011837897,0.028789071363131254,0.33893729030843117,0.9999186346322491
Haiti,2014,1,0.45144486684231505,-0.007016081919498251,0.17380705805066615,0.32881516830441154,0.9470510112778945
Haiti,2015,1,-1.244752124995462,2.9727327778112898,0.8196332268185522,-1.2762704439539272,1.2713434356804525
Haiti,2016,1,-2.6548185435561975,2.9621560404969047,0.35553981647985905,0.34041467672251824,1.0032919901430843
Haiti,2017,1,-1.6435547126773702,2.0015561511046216,0.05133257202390844,0.5844831490267078,0.993817159477868
Haiti,2018,1,-1.1038033137933603,2.5127130245945315,0.21665114418008183,-0.4883723005996561,1.1371885543815967
Haiti,2019,1,1.1765296647837733,0.6221545416363166,0.4405641580196654,-1.1145240512764365,1.124724313163319
Haiti,2020,1,-1.0476098782157968,1.2885557854641665,-0.2768150648994891,1.1612875357010375,1.1254183780499185
Haiti,2021,1,-0.43115886539365883,-0.6882435411390413,-0.5121436047839228,2.106952918585029,0.4754069072684061
Haiti,2022,1,0.9276940838100511,0.4563503379259871,-1.108482585885602,0.560284545215951,0.8358463810663872
Haiti,2023,1,0.37436483832801015,-0.04556988170975381,-0.22763050853576025,0.8275583683310925,0.9287228164135886
Jamaica,1991,1,NA,NA,NA,NA,NA
Jamaica,1992,1,NA,NA,NA,NA,NA
Jamaica,1993,1,NA,NA,NA,NA,NA
Jamaica,1994,1,NA,NA,NA,NA,NA
Jamaica,1995,1,NA,NA,NA,NA,NA
Jamaica,1996,1,NA,NA,NA,NA,NA
Jamaica,1997,1,NA,NA,NA,NA,NA
Jamaica,1998,1,NA,NA,NA,NA,NA
Jamaica,1999,1,NA,NA,NA,NA,NA
Jamaica,2000,1,NA,NA,NA,NA,NA
Jamaica,2001,1,NA,NA,NA,NA,NA
Jamaica,2002,1,NA,NA,NA,NA,NA
Jamaica,2003,1,NA,NA,NA,NA,NA
Jamaica,2004,1,NA,NA,NA,NA,NA
Jamaica,2005,1,NA,NA,NA,NA,NA
Jamaica,2006,1,NA,NA,NA,NA,NA
Jamaica,2007,1,NA,NA,NA,NA,NA
Jamaica,2008,1,1.7903607272725377,-3.261286247966578,-0.23686725875993575,2.540696316395604,0.8329035369416279
Jamaica,2009,1,-2.654124242914896,2.2620860447282016,0.22575138082654742,1.0009919037601482,0.8347050864000014
Jamaica,2010,1,-0.07167416890533253,0.7002123881463943,-0.01859728667965582,0.36787621798416004,0.9778171505455661
Jamaica,2011,1,-1.5514059892885332,1.8304647239252547,-0.1257566285996289,0.9689258661428738,1.1222279721799664
Jamaica,2012,1,-2.6066032160506896,1.3554791182544181,-0.04194523707819059,1.7658219602200318,0.47275262534556983
Jamaica,2013,1,0.29465216180989523,-1.1170510849514208,-0.7876321242635832,2.2774375571580565,0.6674065097529478
Jamaica,2014,1,0.48640345845396477,-1.0206632165326972,-0.09073074542353113,0.9633250060139085,0.3383345025116449
Jamaica,2015,1,2.5188376578494807,-0.09025258930477993,-0.02256967307934683,-1.175784477406377,1.230230918058977
Jamaica,2016,1,0.6903814323306219,-0.093142853493991,0.13259230091558166,0.011307707289117315,0.7411385870413298
Jamaica,2017,1,-1.0995469043424138,0.9392484214962842,0.0981547077825179,0.9745079578787879,0.9123641828151763
Jamaica,2018,1,-0.14058443894735495,0.4186036641500436,-0.017111647964093705,0.6583217537830278,0.9192293310216226
Jamaica,2019,1,-0.9575539571711343,0.9094968364862478,0.2654155833938954,0.47015060356866595,0.6875090662776747
Jamaica,2020,1,NA,NA,NA,NA,NA
Jamaica,2021,1,NA,NA,NA,NA,NA
Jamaica,2022,1,NA,NA,NA,NA,NA
Jamaica,2023,1,NA,NA,NA,NA,NA
Kiribati,1991,1,-3.0400632190572465,NA,NA,NA,NA
Kiribati,1992,1,-1.3275146940660012,NA,NA,NA,NA
Kiribati,1993,1,-153.42165253268598,NA,NA,NA,NA
Kiribati,1994,1,8.12001207609155,NA,NA,NA,NA
Kiribati,1995,1,-6.735299738180228,NA,NA,NA,NA
Kiribati,1996,1,-76.95443521358663,NA,NA,NA,NA
Kiribati,1997,1,3.4359700515072316,NA,NA,NA,NA
Kiribati,1998,1,1.0201357743130661,NA,NA,NA,NA
Kiribati,1999,1,2.596573558483776,NA,NA,NA,NA
Kiribati,2000,1,-1.3676271516306555,NA,NA,NA,NA
Kiribati,2001,1,0.11868981678650703,NA,NA,NA,NA
Kiribati,2002,1,-7.750005564553562,NA,NA,NA,NA
Kiribati,2003,1,-7.966536072029175,NA,NA,NA,NA
Kiribati,2004,1,2.1343009050494057,NA,NA,NA,NA
Kiribati,2005,1,-17.620141354292695,NA,NA,NA,NA
Kiribati,2006,1,3.8319516831113742,NA,NA,NA,NA
Kiribati,2007,1,0.9773181180064874,-0.12601040598591554,0.6196295440888653,0.21376191069617478,1.684699166805612
Kiribati,2008,1,-0.9336905085185648,0.9496547240773393,0.25328880291139244,0.8466755173398766,1.1159285358100433
Kiribati,2009,1,7.92973277150593,-10.834265027530932,5.365136457301222,4.8471493923737565,7.307753593649976
Kiribati,2010,1,2.107869720881489,0.5278338775762348,-3.9868087235418463,-0.9538103002072853,-2.304915425291408
Kiribati,2011,1,-2.4421666812085534,2.262475145553531,0.7178787681986591,1.2935398352330276,1.8317270677766646
Kiribati,2012,1,-1.2947005893455794,0.31847130963103143,0.5747689620532701,1.284798769594625,0.8833384519333471
Kiribati,2013,1,-1.0956395892658826,0.8994876211416492,0.04240048413461223,0.8091058629376504,0.6553543789480292
Kiribati,2014,1,-6.856221667409887,3.328177985914623,6.633033088402354,-0.47313314447836646,2.631856262428723
Kiribati,2015,1,-1.139338832213834,1.076408054378203,-0.08748673347542503,1.3748067794477978,1.2243892681367419
Kiribati,2016,1,-0.3414302393582941,1.0129533093983798,1.1460263202364815,-0.8327651725745525,0.9847842177020149
Kiribati,2017,1,-0.07436140110068747,0.9106289573710943,0.6212341008251967,-1.0628644520035235,0.39463720509208
Kiribati,2018,1,1.7383853253190589,0.43447193466533296,0.4668871135793611,-1.695717545302163,0.94402682826159
Kiribati,2019,1,-1.2612994133926578,2.8676116271555214,0.21734265984158885,-0.7285138096627461,1.0951410639417063
Kiribati,2020,1,-18.317442941258143,7.502876193448705,6.7220814483272875,2.0207936536966975,-2.071691645785453
Kiribati,2021,1,-2.4445085302382723,2.967003357515576,-0.4259212009853337,0.6748272180639783,0.7714008443559481
Kiribati,2022,1,-4.6789646321347345,1.4935855356673018,3.3235446825495503,0.3381245949374251,0.476290181019543
Kiribati,2023,1,-0.31537752758875653,NA,NA,NA,NA
Maldives,1991,1,NA,NA,NA,NA,NA
Maldives,1992,1,NA,NA,NA,NA,NA
Maldives,1993,1,NA,NA,NA,NA,NA
Maldives,1994,1,NA,NA,NA,NA,NA
Maldives,1995,1,NA,NA,NA,NA,NA
Maldives,1996,1,NA,NA,NA,NA,NA
Maldives,1997,1,NA,NA,NA,NA,NA
Maldives,1998,1,NA,NA,NA,NA,NA
Maldives,1999,1,NA,NA,NA,NA,NA
Maldives,2000,1,NA,NA,NA,NA,NA
Maldives,2001,1,NA,NA,NA,NA,NA
Maldives,2002,1,NA,NA,NA,NA,NA
Maldives,2003,1,NA,NA,NA,NA,NA
Maldives,2004,1,NA,NA,NA,NA,NA
Maldives,2005,1,NA,NA,NA,NA,NA
Maldives,2006,1,NA,NA,NA,NA,NA
Maldives,2007,1,NA,NA,NA,NA,NA
Maldives,2008,1,NA,NA,NA,NA,NA
Maldives,2009,1,NA,NA,NA,NA,NA
Maldives,2010,1,NA,NA,NA,NA,NA
Maldives,2011,1,NA,NA,NA,NA,NA
Maldives,2012,1,NA,NA,NA,NA,NA
Maldives,2013,1,NA,NA,NA,NA,NA
Maldives,2014,1,NA,NA,NA,NA,NA
Maldives,2015,1,0.1514358147518889,0.14419741964300017,0.5298215065771709,0.9216827403385099,1.74713748131057
Maldives,2016,1,-0.3499312730052536,0.7847986818367569,0.09025372365152522,0.10928627622304764,0.6344074087060761
Maldives,2017,1,0.003680833422663697,0.781674993189428,-0.2686452063542822,0.33327658124130577,0.8499872014991152
Maldives,2018,1,-0.2762531524200415,0.5408281868657886,0.15283021720257267,0.9747735265002386,1.3921787781485584
Maldives,2019,1,0.442590110813652,0.44339620976549937,0.3541800641125352,-0.1503895067330919,1.0897768779585948
Maldives,2020,1,0.20623885210679258,0.2221061527986496,0.03048675896254602,0.5673213849627997,1.0261531488307878
Maldives,2021,1,1.383890334569672,0.14350214850830187,0.03909359165946818,-0.02495716807476554,1.5415289066626765
Maldives,2022,1,-0.2135700127509861,0.5018116889932922,-0.06185324449148661,0.3487868185088161,0.5751752502596356
Maldives,2023,1,0.7722539947890144,1.0857759279635826,0.06003032406293651,-0.11616101212993377,1.8018992346855995
Marshall Islands,1991,1,NA,NA,NA,NA,NA
Marshall Islands,1992,1,NA,NA,NA,NA,NA
Marshall Islands,1993,1,NA,NA,NA,NA,NA
Marshall Islands,1994,1,NA,NA,NA,NA,NA
Marshall Islands,1995,1,NA,NA,NA,NA,NA
Marshall Islands,1996,1,NA,NA,NA,NA,NA
Marshall Islands,1997,1,NA,NA,NA,NA,NA
Marshall Islands,1998,1,NA,NA,NA,NA,NA
Marshall Islands,1999,1,NA,NA,NA,NA,NA
Marshall Islands,2000,1,NA,NA,NA,NA,NA
Marshall Islands,2001,1,NA,NA,NA,NA,NA
Marshall Islands,2002,1,NA,NA,NA,NA,NA
Marshall Islands,2003,1,NA,NA,NA,NA,NA
Marshall Islands,2004,1,NA,NA,NA,NA,NA
Marshall Islands,2005,1,-2.959633333333333,2.2994,0.31653333333333333,1.5554666666666654,1.2117666666666653
Marshall Islands,2006,1,-10.443666666666667,-25.93933333333333,11.85,51.083,26.550000000000004
Marshall Islands,2007,1,-0.3669206349206349,0.8136984126984127,0.8145714285714286,-0.5557619047619048,0.7055873015873015
Marshall Islands,2008,1,-1.1973805970149252,1.555783582089552,0.2516865671641791,0.7614402985074629,1.371529850746269
Marshall Islands,2009,1,-4.0067,0.20008333333333334,-0.06298333333333334,4.103949999999999,0.23434999999999917
Marshall Islands,2010,1,0.1948617021276596,0.029521276595747853,-0.09280851063829788,1.6246489361702134,1.7562234042553229
Marshall Islands,2011,1,-27.62811111111111,-5.478888888888856,-1.2325555555555554,40.99722222222223,6.657666666666707
Marshall Islands,2012,1,3.088782608695639,-0.8704782608695653,-1.7745652173913107,2.1426521739130435,2.5863913043478064
Marshall Islands,2013,1,-2.9552985074627,1.506507462686574,0.30377611940298643,2.4126865671641897,1.26767164179105
Marshall Islands,2014,1,-9.205173913043478,2.83004347826087,2.501,3.81495652173913,-0.05917391304347852
Marshall Islands,2015,1,-0.31191176470588233,-0.3019117647058824,0.9178529411764705,-1.38629411764706,-1.0822647058823542
Marshall Islands,2016,1,-1.9363478260869564,1.0646304347826088,1.901065217391301,2.036413043478262,3.0657608695652154
Marshall Islands,2017,1,-3.1232835820895524,2.207865671641791,0.34467164179104254,1.5629253731343284,0.9921791044776098
Marshall Islands,2018,1,-0.056700934579439255,-0.12122429906542055,0.9379813084112135,-0.2889345794392523,0.47112149532710135
Marshall Islands,2019,1,-3.077232558139539,0.47604186046511693,0.7440186046511632,3.3399348837209346,1.482762790697676
Marshall Islands,2020,1,-12.581650793650793,0.8338095238095238,1.3717777777777778,10.870126984126983,0.49406349206349276
Marshall Islands,2021,1,10.507851851851967,-2.3320000000000256,1.7313333333333525,0.9707777777777885,10.877962962963082
Marshall Islands,2022,1,6.646880000000001,-2.8354,3.9576800000000003,-1.7264800000000002,6.042680000000001
Marshall Islands,2023,1,-1.846689655172414,1.7440919540229887,1.4233448275862053,1.1852298850574714,2.5059770114942514
Mauritius,1991,1,0.8693715701533247,0.8262080424866736,0.24169784430903163,-0.10288212056269332,1.8343953363863366
Mauritius,1992,1,0.016814041348625398,0.5394285010549459,0.14890168911685017,0.15354221239145982,0.8586864439118813
Mauritius,1993,1,-0.17513152514471392,0.7554802079423774,0.22512481329476225,0.2251414385127582,1.030614934605184
Mauritius,1994,1,-0.550841633531694,1.017684314331197,0.15423776125645827,0.7242057047816731,1.3452861468376343
Mauritius,1995,1,1.3812151616307375,0.816657534829891,0.16171369172010513,-0.9771997470472861,1.3823866411334476
Mauritius,1996,1,-0.1368351429684651,0.6487541406149208,0.19527215148272625,0.5390445483598055,1.2462356974889874
Mauritius,1997,1,-0.7610491234200362,0.6547977964439999,-0.17749646704916464,0.42913460162526174,0.14538680760006084
Mauritius,1998,1,0.017859032208984545,0.7374541556115658,0.11043688934178945,-0.15091480678654068,0.7148352703757991
Mauritius,1999,1,-0.9564550175094907,1.1320895217066673,0.35633865149116156,1.8833628274745782,2.415335983162916
Mauritius,2000,1,0.5091099832630837,0.35038564805838224,0.17803043488940462,-0.23694135885275566,0.8005847073581148
Mauritius,2001,1,2.207355040967141,0.6272466867518945,0.19827225505190824,0.29692294422113646,3.3297969269920804
Mauritius,2002,1,-3.6978089249277626,1.4451269639396556,0.630174642438926,7.049388068583164e-4,-1.6218023797423227
Mauritius,2003,1,0.3649475142233257,0.5688476290039305,0.07873412852987464,0.49251129514139075,1.5050405668985216
Mauritius,2004,1,-1.0236261991852937,1.3644765436332686,0.1631142238093631,0.045979612415527935,0.5499441806728658
Mauritius,2005,1,0.6992598339830752,2.9917220064029317,0.4128808656698919,-0.3536458232866379,3.7502168827692612
Mauritius,2006,1,-1.0222031599843227,0.9459592325055018,0.15320913869448535,0.7721308820558465,0.849096093271511
Mauritius,2007,1,-0.160226565915904,0.6105399396559292,-0.08668258141191477,0.2494836632117731,0.6131144555398835
Mauritius,2008,1,0.14220115607963293,0.9642520697471435,-0.012236378968776987,0.05958544257171776,1.1538022894297173
Mauritius,2009,1,1.7549021354004442,0.49432920984998646,0.24043413558715301,0.6240391982865937,3.1137046791241776
Mauritius,2010,1,0.5199721606750584,0.4665813414814316,0.09061988682891978,-0.037654220410893134,1.0395191685745166
Mauritius,2011,1,-0.1304690827707332,0.4679128573174782,0.09451139962273497,0.07982377316492754,0.5117789473344075
Mauritius,2012,1,0.35188162743206214,0.588174115364594,0.11721317600204345,-0.05263633784842778,1.0046325809502719
Mauritius,2013,1,-0.9061803733510932,0.5847397102172904,0.07648431020789147,-0.1681159516023887,-0.4130723045283
Mauritius,2014,1,0.27025482967302256,0.5083125980520927,0.14909409876480867,-0.3184422953944126,0.6092192310955113
Mauritius,2015,1,-0.8990573181328673,0.580805017907808,0.06702205132080939,-0.27296166226193336,-0.5241919111661832
Mauritius,2016,1,-0.3856952642919737,0.5549634722672339,0.1613062342414619,0.16264325420537323,0.4932176964220954
Mauritius,2017,1,-0.18685165327857461,0.5899474005365788,0.03401413736371613,0.19577706590227664,0.6328869505239969
Mauritius,2018,1,0.1780582920710226,0.5732050370327182,0.1578701665661744,0.4656216267155257,1.3747551223854408
Mauritius,2019,1,-0.7284282283225464,0.7728651973856133,0.09366110305425843,0.30647267050439414,0.4445707426217195
Mauritius,2020,1,-0.13533523080181534,0.7485064034383535,0.004313299874680335,0.3275805154482655,0.945064987959484
Mauritius,2021,1,0.331176357893152,0.6267318131185616,-0.10329271950328892,0.6547830721275121,1.5093985236359369
Mauritius,2022,1,1.1345971110424444,0.2607755732369669,0.1094037542657083,0.15537930133079075,1.6601557398759104
Mauritius,2023,1,-0.24143438061058536,0.25319817562817404,-0.07945007828298448,0.7736548200557849,0.7059685367903892
"Micronesia, Fed. Sts.",1991,1,NA,NA,NA,NA,NA
"Micronesia, Fed. Sts.",1992,1,NA,NA,NA,NA,NA
"Micronesia, Fed. Sts.",1993,1,NA,NA,NA,NA,NA
"Micronesia, Fed. Sts.",1994,1,NA,NA,NA,NA,NA
"Micronesia, Fed. Sts.",1995,1,NA,NA,NA,NA,NA
"Micronesia, Fed. Sts.",1996,1,NA,NA,NA,NA,NA
"Micronesia, Fed. Sts.",1997,1,NA,NA,NA,NA,NA
"Micronesia, Fed. Sts.",1998,1,NA,NA,NA,NA,NA
"Micronesia, Fed. Sts.",1999,1,NA,NA,NA,NA,NA
"Micronesia, Fed. Sts.",2000,1,NA,NA,NA,NA,NA
"Micronesia, Fed. Sts.",2001,1,NA,NA,NA,NA,NA
"Micronesia, Fed. Sts.",2002,1,NA,NA,NA,NA,NA
"Micronesia, Fed. Sts.",2003,1,NA,NA,NA,NA,NA
"Micronesia, Fed. Sts.",2004,1,NA,NA,NA,NA,NA
"Micronesia, Fed. Sts.",2005,1,NA,NA,NA,NA,NA
"Micronesia, Fed. Sts.",2006,1,NA,NA,NA,NA,NA
"Micronesia, Fed. Sts.",2007,1,NA,NA,NA,NA,NA
"Micronesia, Fed. Sts.",2008,1,NA,NA,NA,NA,NA
"Micronesia, Fed. Sts.",2009,1,NA,NA,NA,NA,NA
"Micronesia, Fed. Sts.",2010,1,NA,NA,NA,NA,NA
"Micronesia, Fed. Sts.",2011,1,NA,NA,NA,NA,NA
"Micronesia, Fed. Sts.",2012,1,NA,NA,NA,NA,NA
"Micronesia, Fed. Sts.",2013,1,NA,NA,NA,NA,NA
"Micronesia, Fed. Sts.",2014,1,NA,NA,NA,NA,NA
"Micronesia, Fed. Sts.",2015,1,NA,NA,NA,NA,NA
"Micronesia, Fed. Sts.",2016,1,NA,NA,NA,NA,NA
"Micronesia, Fed. Sts.",2017,1,NA,NA,NA,NA,NA
"Micronesia, Fed. Sts.",2018,NA,NA,NA,NA,NA,NA
"Micronesia, Fed. Sts.",2019,1,NA,NA,NA,NA,NA
"Micronesia, Fed. Sts.",2020,1,NA,NA,NA,NA,NA
"Micronesia, Fed. Sts.",2021,1,NA,NA,NA,NA,NA
"Micronesia, Fed. Sts.",2022,1,NA,NA,NA,NA,NA
"Micronesia, Fed. Sts.",2023,1,NA,NA,NA,NA,NA
Nauru,1991,1,NA,NA,NA,NA,NA
Nauru,1992,1,NA,NA,NA,NA,NA
Nauru,1993,1,NA,NA,NA,NA,NA
Nauru,1994,1,NA,NA,NA,NA,NA
Nauru,1995,1,NA,NA,NA,NA,NA
Nauru,1996,1,NA,NA,NA,NA,NA
Nauru,1997,1,NA,NA,NA,NA,NA
Nauru,1998,1,NA,NA,NA,NA,NA
Nauru,1999,1,NA,NA,NA,NA,NA
Nauru,2000,1,NA,NA,NA,NA,NA
Nauru,2001,1,NA,NA,NA,NA,NA
Nauru,2002,1,NA,NA,NA,NA,NA
Nauru,2003,1,NA,NA,NA,NA,NA
Nauru,2004,1,NA,NA,NA,NA,NA
Nauru,2005,1,NA,NA,NA,NA,NA
Nauru,2006,1,NA,NA,NA,NA,NA
Nauru,2007,1,NA,NA,NA,NA,NA
Nauru,2008,1,NA,NA,NA,NA,NA
Nauru,2009,1,NA,NA,NA,NA,NA
Nauru,2010,1,NA,NA,NA,NA,NA
Nauru,2011,1,NA,NA,NA,NA,NA
Nauru,2012,1,NA,NA,NA,NA,NA
Nauru,2013,1,NA,NA,NA,NA,NA
Nauru,2014,1,NA,NA,NA,NA,NA
Nauru,2015,1,NA,NA,NA,NA,NA
Nauru,2016,1,NA,NA,NA,NA,NA
Nauru,2017,1,NA,NA,NA,NA,NA
Nauru,2018,1,NA,NA,NA,NA,NA
Nauru,2019,1,NA,NA,NA,NA,NA
Nauru,2020,1,NA,NA,NA,NA,NA
Nauru,2021,1,NA,NA,NA,NA,NA
Nauru,2022,1,NA,NA,NA,NA,NA
Nauru,2023,1,NA,NA,NA,NA,NA
Palau,1991,1,NA,NA,NA,NA,NA
Palau,1992,1,NA,NA,NA,NA,NA
Palau,1993,1,NA,NA,NA,NA,NA
Palau,1994,1,NA,NA,NA,NA,NA
Palau,1995,1,NA,NA,NA,NA,NA
Palau,1996,1,NA,NA,NA,NA,NA
Palau,1997,1,NA,NA,NA,NA,NA
Palau,1998,1,NA,NA,NA,NA,NA
Palau,1999,1,NA,NA,NA,NA,NA
Palau,2000,1,NA,NA,NA,NA,NA
Palau,2001,1,NA,NA,NA,NA,NA
Palau,2002,1,NA,NA,NA,NA,NA
Palau,2003,1,NA,NA,NA,NA,NA
Palau,2004,1,NA,NA,NA,NA,NA
Palau,2005,1,NA,NA,NA,NA,NA
Palau,2006,1,17.753601058684282,-20.18396517166844,-19.534146575246144,18.498306353037993,-3.466204335192309
Palau,2007,1,2.018040065658824,0.9685194457220025,0.1610707995724964,-1.1275476625267584,2.020082648426565
Palau,2008,1,0.6129222468247092,-0.5411809371262594,-0.29996982493243474,0.33823178240485596,0.11000326717087106
Palau,2009,1,-0.8245847939521986,0.341212240193043,-0.05166662924226627,0.889822603362719,0.3547834203612972
Palau,2010,1,1.2786853793399724,0.7380738640325916,0.3641064202735273,0.6077803413179576,2.988646004964049
Palau,2011,1,-0.8578999299951012,0.7261386657066059,0.059685541722604527,0.9492342143616384,0.8771584917957477
Palau,2012,1,-1.7802884165200419,5.144824236995755,0.3281130840164368,0.6683942436476797,4.36104314813983
Palau,2013,1,0.3642449265205458,-1.3431691997681243,-0.47650517414761207,0.7215496667671463,-0.7338797806280444
Palau,2014,1,-1.2972519508477398,1.1348100935501881,0.3325840700295891,2.146465615160341,2.3166078278923785
Palau,2015,1,1.277967282496923,0.5890915688451694,0.1425032086369191,0.31852104176285,2.3280831017418615
Palau,2016,1,6.891867274881215,-10.235575103574007,-5.430416132101742,-3.366125926334202,-12.14024988712874
Palau,2017,1,2.5631771424682426,-0.3065980562024056,-0.1423039078398683,-0.49080812536553675,1.623467053060432
Palau,2018,1,21.927229764165762,-10.67849073401623,14.632643456796071,-42.479963377967614,-16.598580891022007
Palau,2019,1,-28.137421270010243,-4.302258778067246,1.1764552506258592,27.85539953606805,-3.407825261383582
Palau,2020,1,2.755691506640446,-0.1236175218702892,-0.6523441101943067,-0.8954396020459036,1.0842902725299468
Palau,2021,1,0.06063553985590904,0.26491197717707077,0.18713754371049293,0.747502166837178,1.2601872275806507
Palau,2022,1,-1.896428102292808,0.8768301073405949,1.7583112818800029,-2.883313678864499,-2.1446003919367094
Palau,2023,1,9.0524797997525,-3.2765870802376433,-0.15644177439936305,-3.679106267409053,1.9403446777064408
Papua New Guinea,1991,1,NA,NA,NA,NA,NA
Papua New Guinea,1992,1,NA,NA,NA,NA,NA
Papua New Guinea,1993,1,NA,NA,NA,NA,NA
Papua New Guinea,1994,1,NA,NA,NA,NA,NA
Papua New Guinea,1995,1,NA,NA,NA,NA,NA
Papua New Guinea,1996,1,NA,NA,NA,NA,NA
Papua New Guinea,1997,1,NA,NA,NA,NA,NA
Papua New Guinea,1998,1,NA,NA,NA,NA,NA
Papua New Guinea,1999,1,NA,NA,NA,NA,NA
Papua New Guinea,2000,1,NA,NA,NA,NA,NA
Papua New Guinea,2001,1,NA,NA,NA,NA,NA
Papua New Guinea,2002,1,NA,NA,NA,NA,NA
Papua New Guinea,2003,1,NA,NA,NA,NA,NA
Papua New Guinea,2004,1,NA,NA,NA,NA,NA
Papua New Guinea,2005,1,NA,NA,NA,NA,NA
Papua New Guinea,2006,1,NA,NA,NA,NA,NA
Papua New Guinea,2007,1,NA,NA,NA,NA,NA
Papua New Guinea,2008,1,NA,NA,NA,NA,NA
Papua New Guinea,2009,1,NA,NA,NA,NA,NA
Papua New Guinea,2010,1,NA,NA,NA,NA,NA
Papua New Guinea,2011,1,NA,NA,NA,NA,NA
Papua New Guinea,2012,1,NA,NA,NA,NA,NA
Papua New Guinea,2013,1,NA,NA,NA,NA,NA
Papua New Guinea,2014,1,NA,NA,NA,NA,NA
Papua New Guinea,2015,1,NA,NA,NA,NA,NA
Papua New Guinea,2016,1,NA,NA,NA,NA,NA
Papua New Guinea,2017,1,NA,NA,NA,NA,NA
Papua New Guinea,2018,1,NA,NA,NA,NA,NA
Papua New Guinea,2019,1,NA,NA,NA,NA,NA
Papua New Guinea,2020,1,NA,NA,NA,NA,NA
Papua New Guinea,2021,1,NA,NA,NA,NA,NA
Papua New Guinea,2022,1,NA,NA,NA,NA,NA
Papua New Guinea,2023,1,NA,NA,NA,NA,NA
Samoa,1991,1,NA,NA,NA,NA,NA
Samoa,1992,1,NA,NA,NA,NA,NA
Samoa,1993,1,NA,NA,NA,NA,NA
Samoa,1994,1,NA,NA,NA,NA,NA
Samoa,1995,1,NA,NA,NA,NA,NA
Samoa,1996,1,NA,NA,NA,NA,NA
Samoa,1997,1,NA,NA,NA,NA,NA
Samoa,1998,1,NA,NA,NA,NA,NA
Samoa,1999,1,NA,NA,NA,NA,NA
Samoa,2000,1,NA,NA,NA,NA,NA
Samoa,2001,1,NA,NA,NA,NA,NA
Samoa,2002,1,NA,NA,NA,NA,NA
Samoa,2003,1,NA,NA,NA,NA,NA
Samoa,2004,1,NA,NA,NA,NA,NA
Samoa,2005,1,NA,NA,NA,NA,NA
Samoa,2006,1,NA,NA,NA,NA,NA
Samoa,2007,1,NA,NA,NA,NA,NA
Samoa,2008,1,NA,NA,NA,NA,NA
Samoa,2009,1,NA,NA,NA,NA,NA
Samoa,2010,1,-0.42525499414022466,-0.07755391155329633,0.16572579756500708,0.22559180788114122,-0.1114913002473727
Samoa,2011,1,-0.9493946351982224,0.23444220463713966,0.04038174373863971,0.8918393775057164,0.21726869068327337
Samoa,2012,1,1.540217890073539,0.5787873163315779,-0.12613961846384703,-0.584634595839264,1.408230992102006
Samoa,2013,1,76.16349223127871,29.904982777156366,6.6164377472550395,-42.252446177812665,70.43246657787745
Samoa,2014,1,-8.141401298709505,0.4782644902747378,2.1887436576647312,4.372550869702059,-1.1018422810679773
Samoa,2015,1,0.6243235378033374,0.10259365798517225,-0.15412066689545315,0.2076897797296535,0.78048630862271
Samoa,2016,1,0.26611115037265365,0.4814716704947844,-0.22737196701839543,0.6427210835405808,1.1629319373896232
Samoa,2017,1,2.1026331319643363,1.9129806957036488,-0.34778480238333465,-2.4305984481839196,1.237230577100731
Samoa,2018,1,8.149484453596493,3.1611300879604367,-3.4055338455513118,-0.9148836278787139,6.9901970681269034
Samoa,2019,1,0.3044041508126787,0.10041244485036412,0.3839089710896943,0.5138880199949166,1.3026135867476538
Samoa,2020,1,1.9447082664360227,-0.6833939702085449,-0.0814957085111789,0.2501704102912779,1.4299889980075768
Samoa,2021,1,1.7135810513597123,-0.9813925779739302,0.0010587341365166526,0.48424268926138025,1.217489896783679
Samoa,2022,1,0.21813404812889767,0.6081589247212523,-0.27350534001830074,0.7004430369675221,1.2532306697993711
Samoa,2023,1,0.6846267810228822,0.392682088938359,-0.10414179132020082,0.6176536488501092,1.5908207274911494
Sao Tome and Principe,1991,1,NA,NA,NA,NA,NA
Sao Tome and Principe,1992,1,NA,NA,NA,NA,NA
Sao Tome and Principe,1993,1,NA,NA,NA,NA,NA
Sao Tome and Principe,1994,1,NA,NA,NA,NA,NA
Sao Tome and Principe,1995,1,NA,NA,NA,NA,NA
Sao Tome and Principe,1996,1,NA,NA,NA,NA,NA
Sao Tome and Principe,1997,1,NA,NA,NA,NA,NA
Sao Tome and Principe,1998,1,NA,NA,NA,NA,NA
Sao Tome and Principe,1999,1,NA,NA,NA,NA,NA
Sao Tome and Principe,2000,1,NA,NA,NA,NA,NA
Sao Tome and Principe,2001,1,NA,NA,NA,NA,NA
Sao Tome and Principe,2002,1,NA,NA,NA,NA,NA
Sao Tome and Principe,2003,1,NA,NA,NA,NA,NA
Sao Tome and Principe,2004,1,NA,NA,NA,NA,NA
Sao Tome and Principe,2005,1,NA,NA,NA,NA,NA
Sao Tome and Principe,2006,1,NA,NA,NA,NA,NA
Sao Tome and Principe,2007,1,NA,NA,NA,NA,NA
Sao Tome and Principe,2008,1,NA,NA,NA,NA,NA
Sao Tome and Principe,2009,1,NA,NA,NA,NA,NA
Sao Tome and Principe,2010,1,NA,NA,NA,NA,NA
Sao Tome and Principe,2011,1,NA,NA,NA,NA,NA
Sao Tome and Principe,2012,1,NA,NA,NA,NA,NA
Sao Tome and Principe,2013,1,NA,NA,NA,NA,NA
Sao Tome and Principe,2014,1,NA,NA,NA,NA,NA
Sao Tome and Principe,2015,1,NA,NA,NA,NA,NA
Sao Tome and Principe,2016,1,NA,NA,NA,NA,NA
Sao Tome and Principe,2017,1,NA,NA,NA,NA,NA
Sao Tome and Principe,2018,1,NA,NA,NA,NA,NA
Sao Tome and Principe,2019,1,NA,NA,NA,NA,NA
Sao Tome and Principe,2020,1,NA,NA,NA,NA,NA
Sao Tome and Principe,2021,1,NA,NA,NA,NA,NA
Sao Tome and Principe,2022,1,NA,NA,NA,NA,NA
Sao Tome and Principe,2023,1,NA,NA,NA,NA,NA
Seychelles,1991,1,1.80574307765542,-0.2751537351269471,-1.0845354796147531e-5,-0.3116930483763462,1.2188854487973306
Seychelles,1992,1,-1.241669790316451,2.1649147660799026,0.42658370421640807,0.046870627773522786,1.3966993077533825
Seychelles,1993,1,-1.5638261912327847,1.78728239546085,0.17907832626594908,0.6427860908916455,1.0453206213856598
Seychelles,1994,1,-2.3428124067161002,5.320970234781083,0.29568943051928726,-0.49422994453096697,2.7796173140533034
Seychelles,1995,1,-16.262815108628953,28.104189872002866,-2.535671874811248,-0.17517694206421797,9.130525946498448
Seychelles,1996,1,-0.37865856715205726,0.3373627563218488,0.30474966781948337,0.5487570844616062,0.8122109414508811
Seychelles,1997,1,0.062852518028857,0.2989546673101378,0.2006251655509872,0.3313681766932375,0.8938005275832195
Seychelles,1998,1,-5.606370835243311,0.05898118080959965,0.7479628114301251,3.3842936133708768,-1.4151332296327102
Seychelles,1999,1,1.936179110316122,-5.953344166886877,-1.674433989264776,3.3881213616979036,-2.303477684137627
Seychelles,2000,1,6.922754912481519,-6.463965097461487,1.8654574880860286,-1.841452107632892,0.4827951954731686
Seychelles,2001,1,6.551624932884576,-2.4276855437372147,0.35120553601834115,-2.500407802823086,1.9747371223426162
Seychelles,2002,1,8.558991004491432,-6.766216198616632,3.633936814042856,-4.216189207198807,1.2105224127188503
Seychelles,2003,1,-1.238531775371214,-0.7746932337321006,0.4383246500384267,1.3457848841890667,-0.22911547487582107
Seychelles,2004,1,1.7969071356987956,-1.2901363146899238,-0.4515387504249586,0.3973457084162952,0.45257777900020835
Seychelles,2005,1,-0.5241887867379948,1.0700464538232257,0.5389830609976901,0.12086879157400203,1.205709519656923
Seychelles,2006,1,-0.5501299684332386,1.0964249640237997,0.5500547430589035,0.11778012410530003,1.2141298627547648
Seychelles,2007,1,1.6171430743023751,-1.0709571621304088,-0.4611921978693936,0.5743334634706099,0.6593271777731826
Seychelles,2008,1,4.084072219773468,-9.260233433848908,1.8889156429744849,1.2909829531767374,-1.9962626179242182
Seychelles,2009,1,-0.8914358266810145,2.112591271941029,-0.353208899306832,0.41626486741860286,1.284211413371785
Seychelles,2010,1,-2.6721752924026063,0.14501641293491385,0.021090693899003827,1.9991635313106786,-0.5069046542580105
Seychelles,2011,1,0.008979258159055613,0.975764813065418,0.37580545694054723,-0.0723189770102577,1.2882305511547631
Seychelles,2012,1,-1.2941874990102777,0.4987345774806109,-0.08205380704267402,1.2242108759470456,0.3467041473747048
Seychelles,2013,1,3.2598538888132684,-11.80712132411615,0.5939000259496721,3.9346233474104775,-4.018744061942732
Seychelles,2014,1,-1.8022509374353255,3.784305709208486,-0.06785042879597863,-0.005461139844926741,1.908743203132255
Seychelles,2015,1,0.7933740027565633,-0.09115055852875956,0.26551646519653693,0.032257541968488686,0.9999974513928294
Seychelles,2016,1,-0.3346160618453114,1.0072520371757325,0.23130643440722554,0.09724434860618676,1.0011867583438334
Seychelles,2017,1,-0.04630161389178059,0.7800956694405755,0.10560365305350222,0.1606288907711382,1.0000265993734352
Seychelles,2018,1,-0.49888919960931905,1.3055029341870545,0.4969654922578146,-0.3005496912712394,1.0030295355643106
Seychelles,2019,1,0.4527849729944553,0.21229775223286773,0.08790815648642399,0.2467823750128715,0.9997732567266185
Seychelles,2020,1,0.8131217283257605,0.01212105832502567,-0.09923033919475469,0.27258556798160277,0.9985980154376343
Seychelles,2021,1,-4.992114019282373,15.623765632321838,-0.7975039637694753,-8.800446724684384,1.033700924585605
Seychelles,2022,1,0.8310182331263143,0.31542958472110005,-0.22277476537156157,0.07597582982545198,0.9996488823013048
Seychelles,2023,1,-0.6729212232060748,0.4545135793915484,0.835323917471122,0.3948832669840043,1.0117995406406
Singapore,1991,1,0.30981919673664854,0.42257970525540994,0.11806652455949332,0.5142081614501061,1.364673588001658
Singapore,1992,1,0.08345761239412043,0.4072395569391161,0.03770361253891268,0.4947223629913856,1.023123144863535
Singapore,1993,1,0.027022987239800622,0.46732853973598526,0.12685463442264425,0.24610192425696636,0.8673080856553965
Singapore,1994,1,0.33982840189239094,0.3004351914623742,-0.003943694826543044,0.2535409422587676,0.8898608407869897
Singapore,1995,1,0.09190713908843795,0.23744876009578283,0.1269937903323999,0.48010268273874723,0.9364523722553679
Singapore,1996,1,0.04026003545938193,0.37646951857071587,0.19599945447106432,0.950056825930809,1.5627858344319712
Singapore,1997,1,-0.0065137419433293885,0.2927383558312041,0.07587711297579969,0.4314042928371639,0.7935060197008382
Singapore,1998,1,-2.0765461034464354,0.36475257018057855,-0.33734618867522503,0.7952644755766243,-1.2538752463644576
Singapore,1999,1,-0.0696749960874328,0.7007981637018103,0.12155041994887553,-0.2653033543742498,0.4873702331890032
Singapore,2000,1,-0.5356377963572329,0.6469688360505274,0.2150068996522078,0.38436994623890924,0.7107078855844117
Singapore,2001,1,-3.6537941034316193,-3.377718704688268,-0.5437892701788314,1.512179797003389,-6.06312228129533
Singapore,2002,1,0.8211918763584931,0.43055833366670676,0.14405728687442468,-0.6952434292115047,0.7005640676881199
Singapore,2003,1,1.5719899054745137,0.1375600469306889,0.0246718172359596,-0.29530914484315857,1.4389126247980035
Singapore,2004,1,-0.016480402272958734,0.2497299287399418,0.012101130181613858,0.2447208940690894,0.4900715507176863
Singapore,2005,1,0.5774533995302785,0.25145524273865144,0.05950590123970627,0.11713886494039323,1.0055534084490294
Singapore,2006,1,0.3784099607313848,0.21346818426809477,0.08585197498041078,0.23979672716237774,0.9175268471422681
Singapore,2007,1,0.4057419721488177,0.32601724831685824,0.028087627091223602,0.3948445867746311,1.1546914343315304
Singapore,2008,1,-3.948993313316255,0.9456776023725754,0.33214213347578564,1.404903568073383,-1.266270009394511
Singapore,2009,1,26.400842770607333,-0.9091387937845279,3.874637872004046,11.348959705029792,40.71530155385664
Singapore,2010,1,0.40276248600561515,0.12589963910129962,0.07523011058752074,0.12962683955190163,0.7335190752463371
Singapore,2011,1,0.7765798483042995,0.2439851330647443,-0.0030216194745502334,0.26619569123683107,1.2837390531313244
Singapore,2012,1,-0.32525092478806844,0.3145651780645895,0.018751520520002403,0.5063783864709593,0.5144441602674827
Singapore,2013,1,0.18443035399057184,0.21748670541847,0.22735796657519483,0.34609356525755963,0.9753685912417963
Singapore,2014,1,0.5438751982941884,0.33439304316551205,0.015780042773742006,0.2940213098013512,1.1880695940347938
Singapore,2015,1,1.2112460888674732,0.6296045160815965,0.28817796367854803,0.1810272288349526,2.3100557974625704
Singapore,2016,1,-0.05459367329344952,0.3335373357287171,0.10612072993373219,0.04030692489421392,0.42537131726321364
Singapore,2017,1,0.20585486600489697,0.2593064080220265,0.0767851279331164,0.2992649844661669,0.8412113864262069
Singapore,2018,1,0.7969634761252044,0.45077742701737233,0.08341137580083959,-0.3740146492430398,0.9571376297003764
Singapore,2019,1,0.05821622722501742,0.7383559712365418,0.25298052670332494,0.4457238645799033,1.4952765897447875
Singapore,2020,1,-0.5844827123015311,1.2853773204738994,-0.34878435375977174,0.9025817370980302,1.2546919915106267
Singapore,2021,1,0.23386171585191953,0.2816393398715271,0.04835347317391084,0.5361155626581905,1.099970091555548
Singapore,2022,1,0.11393738247654718,0.7125337799652713,-0.055049783705469695,0.16047923880765727,0.9319006175440061
Singapore,2023,1,2.6636166116125968,1.209464591687125,0.2613096394693595,-0.05043189486142332,4.083958947907658
Solomon Islands,1991,1,2.7173447992877473,NA,NA,-0.27859889192898746,NA
Solomon Islands,1992,1,0.6248777353152558,NA,NA,0.03725143067791081,NA
Solomon Islands,1993,1,-3.821311282647793,NA,NA,0.6496603115307344,NA
Solomon Islands,1994,1,-0.9019960610076215,NA,NA,0.1637319012053511,NA
Solomon Islands,1995,1,0.6811242884664513,NA,NA,-0.16743100889014348,NA
Solomon Islands,1996,1,8.658241446134042,NA,NA,-0.8928748505823992,NA
Solomon Islands,1997,1,4.686194004808567,NA,NA,-0.7129618096846034,NA
Solomon Islands,1998,1,6.719899223895725,NA,NA,4.372175651155846,NA
Solomon Islands,1999,1,-27.76083165160119,NA,NA,10.466218441139278,NA
Solomon Islands,2000,1,0.04115304029714687,NA,NA,0.17277851591644836,NA
Solomon Islands,2001,1,0.8839694393612907,NA,NA,0.06299899773757331,NA
Solomon Islands,2002,1,-2.7964713109359303,NA,NA,0.9796896694217804,NA
Solomon Islands,2003,1,1.1548118195399162,NA,NA,0.588480288798609,NA
Solomon Islands,2004,1,-1.0129604772948742,0.5044472713781947,0.8743797932514833,0.19571716696739083,0.5615837543021946
Solomon Islands,2005,1,-0.3082046832778543,0.8057855234542131,2.7082651651546246,1.0191570349814736,4.2250030403124565
Solomon Islands,2006,1,-2.395871569117824,0.6628801254008654,0.033837461165120826,0.04070919074356777,-1.65844479180827
Solomon Islands,2007,1,-2.284384855347505,1.4175757523337063,-0.24210169710588744,0.6752481790553108,-0.43366262106437525
Solomon Islands,2008,1,1.3982658233883585,0.4590823490362325,-0.1321273293351834,0.1176401127636769,1.8428609558530844
Solomon Islands,2009,1,0.7355023896995722,-0.325140460114475,-0.0077118392888281375,-0.17560960263409695,0.2270404876621721
Solomon Islands,2010,1,-1.2138035669593026,0.5694304964108354,0.34921551058408257,1.4705606440373873,1.1754030840730025
Solomon Islands,2011,1,2.3179124363046677,0.3559346945095128,-0.7844307020524584,-1.5659489240150886,0.32346750474663355
Solomon Islands,2012,1,2.4071403875873933,0.7730055290393381,-0.9557071871875348,0.3052961684165096,2.529734897855706
Solomon Islands,2013,1,-0.609796191018584,0.35562340530361447,1.213352430922121,-0.07991093849285917,0.8792687067142925
Solomon Islands,2014,1,-3.878090999283303,1.6597500063724184,0.744660058271225,-0.8215575659127785,-2.295238500552438
Solomon Islands,2015,1,-1.9158431600580976,0.9098017731469032,0.8327019694218104,1.6096004070325718,1.4362609895431881
Solomon Islands,2016,1,0.4231584661914772,0.39024583137347535,0.22312688641673883,0.1422107092889445,1.178741893270636
Solomon Islands,2017,1,1.1595387525474499,0.017719795913246687,-0.5198873503982454,0.9986228068938826,1.6559940049563338
Solomon Islands,2018,1,-1.980573977281024,1.6311567845595683,1.400374461398304,0.4366835247906349,1.4876407934674833
Solomon Islands,2019,1,-3.089725063819769,0.8097969853637857,1.034374878346969,2.185069844194118,0.9395166440851042
Solomon Islands,2020,1,-3.199239748981524,2.6362876320122104,1.2230332271850237,0.8407295457521384,1.500810655967849
Solomon Islands,2021,1,-3.20008009311951,-0.3628635233296069,-1.6522300176477458,-0.4554952882718578,-5.670668922368721
Solomon Islands,2022,1,-9.235030394474219,0.8709043982026125,-1.1501097632569242,2.8015021121805495,-6.712733647347981
Solomon Islands,2023,1,NA,NA,NA,NA,NA
St. Kitts and Nevis,1991,1,NA,NA,NA,NA,NA
St. Kitts and Nevis,1992,1,NA,NA,NA,NA,NA
St. Kitts and Nevis,1993,1,NA,NA,NA,NA,NA
St. Kitts and Nevis,1994,1,NA,NA,NA,NA,NA
St. Kitts and Nevis,1995,1,NA,NA,NA,NA,NA
St. Kitts and Nevis,1996,1,NA,NA,NA,NA,NA
St. Kitts and Nevis,1997,1,NA,NA,NA,NA,NA
St. Kitts and Nevis,1998,1,NA,NA,NA,NA,NA
St. Kitts and Nevis,1999,1,NA,NA,NA,NA,NA
St. Kitts and Nevis,2000,1,NA,NA,NA,NA,NA
St. Kitts and Nevis,2001,1,NA,NA,NA,NA,NA
St. Kitts and Nevis,2002,1,NA,NA,NA,NA,NA
St. Kitts and Nevis,2003,1,NA,NA,NA,NA,NA
St. Kitts and Nevis,2004,1,NA,NA,NA,NA,NA
St. Kitts and Nevis,2005,1,NA,NA,NA,NA,NA
St. Kitts and Nevis,2006,1,NA,NA,NA,NA,NA
St. Kitts and Nevis,2007,1,NA,NA,NA,NA,NA
St. Kitts and Nevis,2008,1,NA,NA,NA,NA,NA
St. Kitts and Nevis,2009,1,NA,NA,NA,NA,NA
St. Kitts and Nevis,2010,1,NA,NA,NA,NA,NA
St. Kitts and Nevis,2011,1,NA,NA,NA,NA,NA
St. Kitts and Nevis,2012,1,NA,NA,NA,NA,NA
St. Kitts and Nevis,2013,1,NA,NA,NA,NA,NA
St. Kitts and Nevis,2014,1,NA,NA,NA,NA,NA
St. Kitts and Nevis,2015,1,NA,NA,NA,NA,NA
St. Kitts and Nevis,2016,1,NA,NA,NA,NA,NA
St. Kitts and Nevis,2017,1,NA,NA,NA,NA,NA
St. Kitts and Nevis,2018,1,NA,NA,NA,NA,NA
St. Kitts and Nevis,2019,1,NA,NA,NA,NA,NA
St. Kitts and Nevis,2020,1,NA,NA,NA,NA,NA
St. Kitts and Nevis,2021,1,NA,NA,NA,NA,NA
St. Kitts and Nevis,2022,1,NA,NA,NA,NA,NA
St. Kitts and Nevis,2023,1,NA,NA,NA,NA,NA
St. Lucia,1991,1,NA,NA,NA,NA,NA
St. Lucia,1992,1,NA,NA,NA,NA,NA
St. Lucia,1993,1,NA,NA,NA,NA,NA
St. Lucia,1994,1,NA,NA,NA,NA,NA
St. Lucia,1995,1,NA,NA,NA,NA,NA
St. Lucia,1996,1,NA,NA,NA,NA,NA
St. Lucia,1997,1,NA,NA,NA,NA,NA
St. Lucia,1998,1,NA,NA,NA,NA,NA
St. Lucia,1999,1,NA,NA,NA,NA,NA
St. Lucia,2000,1,NA,NA,NA,NA,NA
St. Lucia,2001,1,NA,NA,NA,NA,NA
St. Lucia,2002,1,NA,NA,NA,NA,NA
St. Lucia,2003,1,NA,NA,NA,NA,NA
St. Lucia,2004,1,NA,NA,NA,NA,NA
St. Lucia,2005,1,NA,NA,NA,NA,NA
St. Lucia,2006,1,NA,NA,NA,NA,NA
St. Lucia,2007,1,NA,NA,NA,NA,NA
St. Lucia,2008,1,NA,NA,NA,NA,NA
St. Lucia,2009,1,NA,NA,NA,NA,NA
St. Lucia,2010,1,NA,NA,NA,NA,NA
St. Lucia,2011,1,NA,NA,NA,NA,NA
St. Lucia,2012,1,NA,NA,NA,NA,NA
St. Lucia,2013,1,NA,NA,NA,NA,NA
St. Lucia,2014,1,NA,NA,NA,NA,NA
St. Lucia,2015,1,NA,NA,NA,NA,NA
St. Lucia,2016,1,NA,NA,NA,NA,NA
St. Lucia,2017,1,NA,NA,NA,NA,NA
St. Lucia,2018,1,NA,NA,NA,NA,NA
St. Lucia,2019,1,NA,NA,NA,NA,NA
St. Lucia,2020,1,NA,NA,NA,NA,NA
St. Lucia,2021,1,NA,NA,NA,NA,NA
St. Lucia,2022,1,NA,NA,NA,NA,NA
St. Lucia,2023,1,NA,NA,NA,NA,NA
St. Vincent and the Grenadines,1991,1,NA,NA,NA,NA,NA
St. Vincent and the Grenadines,1992,1,NA,NA,NA,NA,NA
St. Vincent and the Grenadines,1993,1,NA,NA,NA,NA,NA
St. Vincent and the Grenadines,1994,1,NA,NA,NA,NA,NA
St. Vincent and the Grenadines,1995,1,NA,NA,NA,NA,NA
St. Vincent and the Grenadines,1996,1,NA,NA,NA,NA,NA
St. Vincent and the Grenadines,1997,1,NA,NA,NA,NA,NA
St. Vincent and the Grenadines,1998,1,NA,NA,NA,NA,NA
St. Vincent and the Grenadines,1999,1,NA,NA,NA,NA,NA
St. Vincent and the Grenadines,2000,1,NA,NA,NA,NA,NA
St. Vincent and the Grenadines,2001,1,NA,NA,NA,NA,NA
St. Vincent and the Grenadines,2002,1,NA,NA,NA,NA,NA
St. Vincent and the Grenadines,2003,1,NA,NA,NA,NA,NA
St. Vincent and the Grenadines,2004,1,NA,NA,NA,NA,NA
St. Vincent and the Grenadines,2005,1,NA,NA,NA,NA,NA
St. Vincent and the Grenadines,2006,1,NA,NA,NA,NA,NA
St. Vincent and the Grenadines,2007,1,NA,NA,NA,NA,NA
St. Vincent and the Grenadines,2008,1,NA,NA,NA,NA,NA
St. Vincent and the Grenadines,2009,1,NA,NA,NA,NA,NA
St. Vincent and the Grenadines,2010,1,NA,NA,NA,NA,NA
St. Vincent and the Grenadines,2011,1,NA,NA,NA,NA,NA
St. Vincent and the Grenadines,2012,1,NA,NA,NA,NA,NA
St. Vincent and the Grenadines,2013,1,NA,NA,NA,NA,NA
St. Vincent and the Grenadines,2014,1,NA,NA,NA,NA,NA
St. Vincent and the Grenadines,2015,1,NA,NA,NA,NA,NA
St. Vincent and the Grenadines,2016,1,NA,NA,NA,NA,NA
St. Vincent and the Grenadines,2017,1,NA,NA,NA,NA,NA
St. Vincent and the Grenadines,2018,1,NA,NA,NA,NA,NA
St. Vincent and the Grenadines,2019,1,NA,NA,NA,NA,NA
St. Vincent and the Grenadines,2020,1,NA,NA,NA,NA,NA
St. Vincent and the Grenadines,2021,1,NA,NA,NA,NA,NA
St. Vincent and the Grenadines,2022,1,NA,NA,NA,NA,NA
St. Vincent and the Grenadines,2023,1,NA,NA,NA,NA,NA
Suriname,1991,1,NA,NA,NA,NA,NA
Suriname,1992,1,NA,NA,NA,NA,NA
Suriname,1993,1,NA,NA,NA,NA,NA
Suriname,1994,1,NA,NA,NA,NA,NA
Suriname,1995,NA,NA,NA,NA,NA,NA
Suriname,1996,1,NA,NA,NA,NA,NA
Suriname,1997,1,NA,NA,NA,NA,NA
Suriname,1998,1,NA,NA,NA,NA,NA
Suriname,1999,1,NA,NA,NA,NA,NA
Suriname,2000,1,NA,NA,NA,NA,NA
Suriname,2001,1,NA,NA,NA,NA,NA
Suriname,2002,1,NA,NA,NA,NA,NA
Suriname,2003,1,NA,NA,NA,NA,NA
Suriname,2004,1,NA,NA,NA,NA,NA
Suriname,2005,1,NA,NA,NA,NA,NA
Suriname,2006,1,NA,NA,NA,NA,NA
Suriname,2007,1,NA,NA,NA,NA,NA
Suriname,2008,1,NA,NA,NA,NA,NA
Suriname,2009,1,NA,NA,NA,NA,NA
Suriname,2010,1,NA,NA,NA,NA,NA
Suriname,2011,1,NA,NA,NA,NA,NA
Suriname,2012,1,NA,NA,NA,NA,NA
Suriname,2013,1,NA,NA,NA,NA,NA
Suriname,2014,1,NA,NA,NA,NA,NA
Suriname,2015,1,NA,NA,NA,NA,NA
Suriname,2016,1,NA,NA,NA,NA,NA
Suriname,2017,1,NA,NA,NA,NA,NA
Suriname,2018,1,NA,NA,NA,NA,NA
Suriname,2019,1,NA,NA,NA,NA,NA
Suriname,2020,1,NA,NA,NA,NA,NA
Suriname,2021,1,NA,NA,NA,NA,NA
Suriname,2022,1,NA,NA,NA,NA,NA
Suriname,2023,1,NA,NA,NA,NA,NA
Timor-Leste,1991,1,NA,NA,NA,NA,NA
Timor-Leste,1992,1,NA,NA,NA,NA,NA
Timor-Leste,1993,1,NA,NA,NA,NA,NA
Timor-Leste,1994,1,NA,NA,NA,NA,NA
Timor-Leste,1995,1,NA,NA,NA,NA,NA
Timor-Leste,1996,1,NA,NA,NA,NA,NA
Timor-Leste,1997,1,NA,NA,NA,NA,NA
Timor-Leste,1998,1,NA,NA,NA,NA,NA
Timor-Leste,1999,1,NA,NA,NA,NA,NA
Timor-Leste,2000,1,NA,NA,NA,NA,NA
Timor-Leste,2001,1,-1.7935703840329402,0.7333067621290615,1.9067962096593216,0.012675231882988075,0.8592078196384307
Timor-Leste,2002,1,0.6937962567449907,0.21445904553014905,0.2265534148262977,0.22778978740634342,1.3625985045077809
Timor-Leste,2003,1,-17.713972327000313,2.8767421151764077,13.390539567875388,2.567768296968682,1.1210776530201656
Timor-Leste,2004,1,71.36424166452791,4.65300997000307,-58.522014291381524,-15.783187713685525,1.7120496294639338
Timor-Leste,2005,1,7.585313419408573,-0.46348258370922385,-5.754471010707488,-0.26055136589862166,1.1068084590932399
Timor-Leste,2006,1,1.7979495808037222,2.4464485564125593,-4.043668370317936,0.8038969734395194,1.0046267403378655
Timor-Leste,2007,1,-2.610428110480378,0.4500134012729245,2.489706495986654,0.6702769740756236,0.999568760854824
Timor-Leste,2008,1,-0.7334710315686358,-0.3747155886881108,0.9758463955240496,1.1317581981916212,0.999417973458924
Timor-Leste,2009,1,-3.2619373583074833,0.8289041014368539,1.5836185173657702,1.848760193983851,0.9993454544789917
Timor-Leste,2010,1,0.4131241749842914,0.2675437862518301,0.20031717827414897,0.12968391372829427,1.0106690532385647
Timor-Leste,2011,1,-2.327137351217331,0.12925405448198257,-1.125539302857844,4.291648706524052,0.9682261069308602
Timor-Leste,2012,1,2.346310382828854,0.19787089620436762,-0.31932286525276005,-1.6490599197192761,0.5757984940611853
Timor-Leste,2013,1,6.664253327081808,1.2707811002280833,-3.390207711190464,-3.345359235847697,1.1994674802717302
Timor-Leste,2014,1,-1.824114981292363,0.7495201827681632,1.439435335453002,0.5118672558891664,0.876707792817969
Timor-Leste,2015,1,1.381561710027199,-0.4297841849846381,0.8546318346097516,-0.5502983052071336,1.2561110544451788
Timor-Leste,2016,1,-1.4533422778331584,0.751952646618612,-0.2252246198941401,1.8153200181442084,0.8887057670355221
Timor-Leste,2017,1,-1.2612880878136803,-0.5461867501988,1.0326121753602502,2.0915674705328304,1.3167048078806003
Timor-Leste,2018,1,2.8047843703504425,-2.7574900270545593,0.3351392230603435,1.079069932864047,1.4615034992202736
Timor-Leste,2019,1,0.8825770358438947,0.12846631470378284,0.07216282278692011,-0.14937496249812726,0.9338312108364704
Timor-Leste,2020,1,1.263278289473122,-0.028073404816202466,0.07028478697077067,-0.29015233477728397,1.0153373368504064
Timor-Leste,2021,1,-0.05676779460890762,-0.18261991899750057,0.19619459437268727,1.3822473192350053,1.3390542000012844
Timor-Leste,2022,1,0.9417539538142352,-0.2540023193717272,0.0052525923915948255,0.3337296495200985,1.0267338763542013
Timor-Leste,2023,1,1.2801315808329148,-0.1008930133029553,0.02026782389876903,-0.09061763796853277,1.1088887534601957
Tonga,1991,1,NA,NA,NA,NA,NA
Tonga,1992,1,NA,NA,NA,NA,NA
Tonga,1993,1,NA,NA,NA,NA,NA
Tonga,1994,1,NA,NA,NA,NA,NA
Tonga,1995,1,-1.2564046064804757,0.010223755626472302,0.12854048645303634,0.9311164726663347,-0.18652389173463235
Tonga,1996,1,0.7531273443953861,0.5814094249382842,13.363686463756238,16.43655645971185,31.134779692801757
Tonga,1997,1,-8.777828237145776,-0.07620141180193796,-1.9572562322888842,11.383780557531168,0.5724946762945695
Tonga,1998,1,-3.781988422995178,0.013538218041969053,-0.040628849843700666,1.7036615558500738,-2.105417498946836
Tonga,1999,1,2.482218070397397,0.021492833366121577,0.7325895804311752,0.05841493107122865,3.294715415265922
Tonga,2000,1,-0.1553869505401197,0.011294121967751142,0.10195256407966563,-0.7680827441930846,-0.8102230086857876
Tonga,2001,1,-0.0017417221721370167,0.015101130105361823,1.571995211942629,2.121672253346423,3.7070268732222766
Tonga,2002,1,0,19.578443008004843,0,0,19.578443008004843
Tonga,2003,1,-103.74464734671422,39.91409768822054,-28.136998455193815,45.93526856124131,-46.0322795524462
Tonga,2004,1,-2.166369247851375,1.025668530649322,-0.24088596400264792,2.0181581093033016,0.6365714280986006
Tonga,2005,1,0.149924860511635,3.8758673069613048,1.2087811454302844,0.15626489853617956,5.390838211439404
Tonga,2006,1,0.9101038448808815,-1.686154700501844,0.10415899406255259,-0.31999022437738045,-0.9918820859357905
Tonga,2007,1,-0.7203118172396702,0.006864577629641902,-0.6726806994063145,0.5769053604822741,-0.8092225785340686
Tonga,2008,1,-1.1898464163447013,0.6045322890192735,-0.5489626963195697,-0.3193254852554205,-1.4536023089004182
Tonga,2009,1,-0.44592922440483296,0.030249047114510316,-0.29246261620170416,-0.3717106776555768,-1.0798534711476035
Tonga,2010,1,-2.877867840760885,-6.634355153497886,1.0478153944146247,7.138921379242594,-1.3254862206015525
Tonga,2011,1,-0.4445119538086319,0.34915849949684846,-0.27284970816401105,0.20677072098533905,-0.16143244149045544
Tonga,2012,1,0.37612798133610914,-1.209212087757012,0.4938985433236034,-1.1964861986546456,-1.535671761751945
Tonga,2013,1,0.32176249034643245,9.166190826870789,5.583100011937333,-8.79078771696117,6.280265612193385
Tonga,2014,1,2.5451050800987955,0.8733104532380336,-0.03371768438900741,0.8307934187740647,4.2154912677218865
Tonga,2015,1,-9.63583274748145,5.571983184008103,0.58296844774442,0.981212843954994,-2.499668271773932
Tonga,2016,1,-0.8896851529001164,0.898887174704324,-0.018543207284019425,0.6465550872117579,0.637213901731946
Tonga,2017,1,-1.2564842644887526,0.24051481073814746,0.09480146062639869,1.162155666570844,0.2409876734466374
Tonga,2018,1,1.7700845514674184,6.133679839867623,0.303907642038585,-11.374621814727902,-3.166949781354276
Tonga,2019,1,18.939639881133726,-4.856515243223039,-9.186787889184039,-19.65857968151307,-14.762242932786425
Tonga,2020,1,-0.06963661580626233,1.0065394902906832,1.3454531180270877,-0.8705110680126679,1.4118449244988407
Tonga,2021,1,-17.044081238241738,32.63019489998811,14.827646916741045,29.831803475027264,60.24556405351468
Tonga,2022,1,-0.3930256703681743,9.826623438160425,-0.07499501186189753,3.281466846309741,12.640069602240093
Tonga,2023,NA,NA,NA,NA,NA,NA
Trinidad and Tobago,1991,NA,NA,NA,NA,NA,NA
Trinidad and Tobago,1992,1,NA,NA,NA,NA,NA
Trinidad and Tobago,1993,1,NA,NA,NA,NA,NA
Trinidad and Tobago,1994,1,NA,NA,NA,NA,NA
Trinidad and Tobago,1995,1,NA,NA,NA,NA,NA
Trinidad and Tobago,1996,1,NA,NA,NA,NA,NA
Trinidad and Tobago,1997,1,NA,NA,NA,NA,NA
Trinidad and Tobago,1998,1,NA,NA,NA,NA,NA
Trinidad and Tobago,1999,1,NA,NA,NA,NA,NA
Trinidad and Tobago,2000,1,NA,NA,NA,NA,NA
Trinidad and Tobago,2001,1,NA,NA,NA,NA,NA
Trinidad and Tobago,2002,1,NA,NA,NA,NA,NA
Trinidad and Tobago,2003,1,NA,NA,NA,NA,NA
Trinidad and Tobago,2004,1,NA,NA,NA,NA,NA
Trinidad and Tobago,2005,1,NA,NA,NA,NA,NA
Trinidad and Tobago,2006,1,NA,NA,NA,NA,NA
Trinidad and Tobago,2007,1,NA,NA,NA,NA,NA
Trinidad and Tobago,2008,1,NA,NA,NA,NA,NA
Trinidad and Tobago,2009,1,NA,NA,NA,NA,NA
Trinidad and Tobago,2010,1,NA,NA,NA,NA,NA
Trinidad and Tobago,2011,1,NA,NA,NA,NA,NA
Trinidad and Tobago,2012,1,NA,NA,NA,NA,NA
Trinidad and Tobago,2013,1,NA,NA,NA,NA,NA
Trinidad and Tobago,2014,1,NA,NA,NA,NA,NA
Trinidad and Tobago,2015,1,NA,NA,NA,NA,NA
Trinidad and Tobago,2016,1,NA,NA,NA,NA,NA
Trinidad and Tobago,2017,1,NA,NA,NA,NA,NA
Trinidad and Tobago,2018,1,NA,NA,NA,NA,NA
Trinidad and Tobago,2019,1,NA,NA,NA,NA,NA
Trinidad and Tobago,2020,1,NA,NA,NA,NA,NA
Trinidad and Tobago,2021,1,NA,NA,NA,NA,NA
Trinidad and Tobago,2022,1,NA,NA,NA,NA,NA
Trinidad and Tobago,2023,1,NA,NA,NA,NA,NA
Tuvalu,1991,1,NA,NA,NA,NA,NA
Tuvalu,1992,1,NA,NA,NA,NA,NA
Tuvalu,1993,1,NA,NA,NA,NA,NA
Tuvalu,1994,1,NA,NA,NA,NA,NA
Tuvalu,1995,1,NA,NA,NA,NA,NA
Tuvalu,1996,1,NA,NA,NA,NA,NA
Tuvalu,1997,1,NA,NA,NA,NA,NA
Tuvalu,1998,1,NA,NA,NA,NA,NA
Tuvalu,1999,1,NA,NA,NA,NA,NA
Tuvalu,2000,1,NA,NA,NA,NA,NA
Tuvalu,2001,NA,NA,NA,NA,NA,NA
Tuvalu,2002,1,NA,NA,NA,NA,NA
Tuvalu,2003,1,NA,NA,NA,NA,NA
Tuvalu,2004,1,NA,NA,NA,NA,NA
Tuvalu,2005,1,NA,NA,NA,NA,NA
Tuvalu,2006,1,NA,NA,NA,NA,NA
Tuvalu,2007,1,NA,NA,NA,NA,NA
Tuvalu,2008,1,NA,NA,NA,NA,NA
Tuvalu,2009,1,NA,NA,NA,NA,NA
Tuvalu,2010,1,NA,NA,NA,NA,NA
Tuvalu,2011,1,NA,NA,NA,NA,NA
Tuvalu,2012,1,NA,NA,NA,NA,NA
Tuvalu,2013,1,NA,NA,NA,NA,NA
Tuvalu,2014,NA,NA,NA,NA,NA,NA
Tuvalu,2015,1,NA,NA,NA,NA,NA
Tuvalu,2016,1,NA,NA,NA,NA,NA
Tuvalu,2017,1,NA,NA,NA,NA,NA
Tuvalu,2018,1,NA,NA,NA,NA,NA
Tuvalu,2019,1,NA,NA,NA,NA,NA
Tuvalu,2020,1,NA,NA,NA,NA,NA
Tuvalu,2021,1,NA,NA,NA,NA,NA
Tuvalu,2022,1,NA,NA,NA,NA,NA
Tuvalu,2023,1,NA,NA,NA,NA,NA
Vanuatu,1991,1,NA,NA,NA,NA,NA
Vanuatu,1992,1,NA,NA,NA,NA,NA
Vanuatu,1993,1,NA,NA,NA,NA,NA
Vanuatu,1994,1,NA,NA,NA,NA,NA
Vanuatu,1995,1,NA,NA,NA,NA,NA
Vanuatu,1996,1,NA,NA,NA,NA,NA
Vanuatu,1997,1,NA,NA,NA,NA,NA
Vanuatu,1998,1,NA,NA,NA,NA,NA
Vanuatu,1999,1,NA,NA,NA,NA,NA
Vanuatu,2000,1,NA,NA,NA,NA,NA
Vanuatu,2001,1,NA,NA,NA,NA,NA
Vanuatu,2002,1,NA,NA,NA,NA,NA
Vanuatu,2003,1,0.8537682162994872,0.41689017498184583,-0.03004599166068975,-0.36074981777230763,0.8798625818483357
Vanuatu,2004,1,-1.0468901267189175,0.4100854664895361,-0.07984577831945336,1.4751096365805358,0.7584591980317013
Vanuatu,2005,1,0.25545444263003186,0.34309664450662014,-0.0021533438358034727,0.2613055248494626,0.8577032681503112
Vanuatu,2006,1,-0.021542030803563813,0.24009585320566593,0.029491497565563993,0.7298495028330413,0.9778948228007075
Vanuatu,2007,1,-5.369014262075973,0.2935093103309952,0.5279610928990612,1.6543949027047549,-2.893148956141162
Vanuatu,2008,1,0.5729337380441407,0.38803788041192755,-0.014581543449643825,1.6694806843755883,2.615870759382013
Vanuatu,2009,1,1.8088615203170306,0.6053619049287422,0.6220285400444713,-0.11584157314336736,2.9204103921468767
Vanuatu,2010,1,0.34734400805686055,1.370268339156471,0.6147020190011052,-1.2622889371532877,1.070025429061149
Vanuatu,2011,1,1.365547113929011,0.6385222973740043,-0.07925749176363575,-1.8880590517047477,0.03675286783463183
Vanuatu,2012,1,-0.6713642119710217,1.9281040898356256,-0.1626397340067786,-2.6990081010074722,-1.604907957149647
Vanuatu,2013,1,-3.504583503273796,4.7808173802488465,0.7128863340922205,7.699186070242913,9.688306281310183
Vanuatu,2014,1,-0.10678186537343522,0.9696326209154864,-0.1768579740662667,-0.5815963054334851,0.10439647604229944
Vanuatu,2015,1,-32.23906576221868,1.1159273722641339,6.508278262601201,28.02998762972868,3.4151275023753342
Vanuatu,2016,1,1.586081314950565,1.26901838433481,-0.05037701359631486,-1.6895989684870831,1.115123717201977
Vanuatu,2017,1,-0.4296035011669963,-0.20945201393396956,0.477604026810169,1.0814469448485493,0.9199954565577524
Vanuatu,2018,1,-1.6931649780371332,0.7509620987388638,0.2730127095229031,1.485274606985511,0.8160844372101448
Vanuatu,2019,1,5.829676749351158,0.09705858762964265,0.14218132883782983,-0.35856576619583314,5.710350899622798
Vanuatu,2020,1,7.7154381924437905,NA,NA,-3.0285638229887337,NA
Vanuatu,2021,1,7.554695332752436,NA,NA,-5.687466514712758,NA
Vanuatu,2022,1,0.06536290583081893,NA,NA,-0.37880941471920465,NA
Vanuatu,2023,1,NA,NA,NA,NA,NA
